longitude,latitude,altitude,wind_speed,u_velocity,v_velocity
73.000,35.000,0.0,3.85,-0.08,-3.84
73.300,35.000,0.0,3.74,0.46,-3.71
73.600,35.000,0.0,3.98,-0.88,-3.89
73.900,35.000,0.0,4.54,0.63,-4.49
74.200,35.000,0.0,4.59,1.10,-4.46
74.500,35.000,0.0,4.77,1.31,-4.59
74.800,35.000,0.0,4.57,-1.43,-4.34
75.100,35.000,0.0,5.33,-1.22,-5.19
75.400,35.000,0.0,4.86,-1.64,-4.58
75.700,35.000,0.0,4.17,-1.07,-4.03
76.000,35.000,0.0,4.57,-1.48,-4.33
76.300,35.000,0.0,4.38,-0.40,-4.36
76.600,35.000,0.0,4.84,-0.35,-4.82
76.900,35.000,0.0,5.45,0.48,-5.43
77.200,35.000,0.0,4.58,-0.09,-4.57
77.500,35.000,0.0,5.20,-0.60,-5.16
77.800,35.000,0.0,4.72,-0.52,-4.69
78.100,35.000,0.0,5.05,-0.24,-5.04
78.400,35.000,0.0,5.17,1.28,-5.01
78.700,35.000,0.0,5.13,-1.38,-4.94
79.000,35.000,0.0,5.66,-2.47,-5.09
79.300,35.000,0.0,4.76,0.04,-4.76
79.600,35.000,0.0,3.21,-0.32,-3.19
79.900,35.000,0.0,3.06,-0.21,-3.05
80.200,35.000,0.0,3.44,-0.32,-3.42
80.500,35.000,0.0,3.39,-0.46,-3.36
80.800,35.000,0.0,2.63,-0.39,-2.60
81.100,35.000,0.0,2.93,-0.66,-2.85
81.400,35.000,0.0,3.20,0.39,-3.17
81.700,35.000,0.0,3.49,-0.52,-3.45
82.000,35.000,0.0,2.97,-0.21,-2.97
82.300,35.000,0.0,2.94,-1.02,-2.76
82.600,35.000,0.0,2.54,-0.48,-2.49
82.900,35.000,0.0,2.75,-0.97,-2.57
83.200,35.000,0.0,3.24,1.43,-2.91
83.500,35.000,0.0,3.34,0.62,-3.28
83.800,35.000,0.0,3.33,-0.57,-3.28
84.100,35.000,0.0,2.90,-0.84,-2.77
84.400,35.000,0.0,2.59,-1.17,-2.32
84.700,35.000,0.0,2.96,1.33,-2.64
85.000,35.000,0.0,2.52,-0.02,-2.52
85.300,35.000,0.0,3.41,0.66,-3.34
85.600,35.000,0.0,3.01,-0.96,-2.85
85.900,35.000,0.0,2.81,0.70,-2.72
86.200,35.000,0.0,2.66,-0.51,-2.61
86.500,35.000,0.0,2.89,1.13,-2.66
86.800,35.000,0.0,3.16,1.32,-2.87
87.100,35.000,0.0,3.32,-0.82,-3.22
87.400,35.000,0.0,2.56,0.72,-2.46
87.700,35.000,0.0,2.81,1.29,-2.50
88.000,35.000,0.0,2.51,-0.79,-2.38
88.300,35.000,0.0,3.13,-0.55,-3.08
88.600,35.000,0.0,5.55,-0.16,-5.55
88.900,35.000,0.0,4.98,-0.15,-4.97
89.200,35.000,0.0,4.51,1.67,-4.19
89.500,35.000,0.0,5.38,-1.45,-5.18
89.800,35.000,0.0,4.41,-1.06,-4.28
90.100,35.000,0.0,4.42,-1.95,-3.97
90.400,35.000,0.0,5.77,-0.95,-5.69
90.700,35.000,0.0,5.88,-0.17,-5.88
91.000,35.000,0.0,5.32,2.34,-4.77
91.300,35.000,0.0,5.81,1.84,-5.51
91.600,35.000,0.0,4.27,-1.39,-4.03
91.900,35.000,0.0,4.45,1.76,-4.09
92.200,35.000,0.0,5.57,-1.78,-5.28
92.500,35.000,0.0,5.31,-1.24,-5.16
92.800,35.000,0.0,4.10,0.92,-3.99
93.100,35.000,0.0,3.97,-1.90,-3.49
93.400,35.000,0.0,5.78,-0.59,-5.75
93.700,35.000,0.0,5.17,-1.04,-5.07
94.000,35.000,0.0,4.76,0.07,-4.76
94.300,35.000,0.0,4.64,2.31,-4.02
94.600,35.000,0.0,3.78,0.42,-3.75
94.900,35.000,0.0,4.19,2.09,-3.64
95.200,35.000,0.0,5.13,1.46,-4.92
95.500,35.000,0.0,3.99,0.37,-3.97
95.800,35.000,0.0,4.07,1.84,-3.63
96.100,35.000,0.0,3.77,1.82,-3.31
96.400,35.000,0.0,4.87,0.29,-4.86
96.700,35.000,0.0,4.25,1.28,-4.06
73.000,35.300,0.0,3.96,-0.92,-3.85
73.300,35.300,0.0,4.01,0.80,-3.93
73.600,35.300,0.0,3.65,-0.31,-3.64
73.900,35.300,0.0,4.54,2.09,-4.03
74.200,35.300,0.0,3.94,1.29,-3.72
74.500,35.300,0.0,4.08,-1.95,-3.59
74.800,35.300,0.0,4.54,0.87,-4.46
75.100,35.300,0.0,5.55,-1.90,-5.22
75.400,35.300,0.0,5.01,-0.49,-4.99
75.700,35.300,0.0,5.66,-0.48,-5.64
76.000,35.300,0.0,4.24,-0.65,-4.19
76.300,35.300,0.0,4.87,-1.10,-4.74
76.600,35.300,0.0,4.98,-2.18,-4.48
76.900,35.300,0.0,5.16,-0.74,-5.11
77.200,35.300,0.0,4.79,0.79,-4.72
77.500,35.300,0.0,4.26,-1.50,-3.99
77.800,35.300,0.0,4.52,1.86,-4.12
78.100,35.300,0.0,5.86,-1.12,-5.75
78.400,35.300,0.0,4.67,-1.93,-4.25
78.700,35.300,0.0,5.92,-2.62,-5.31
79.000,35.300,0.0,5.21,-0.58,-5.18
79.300,35.300,0.0,3.42,0.72,-3.34
79.600,35.300,0.0,3.50,1.03,-3.34
79.900,35.300,0.0,2.96,-0.12,-2.96
80.200,35.300,0.0,2.82,-0.01,-2.82
80.500,35.300,0.0,2.97,-0.42,-2.94
80.800,35.300,0.0,2.89,0.47,-2.86
81.100,35.300,0.0,3.34,-0.01,-3.34
81.400,35.300,0.0,2.70,-0.11,-2.70
81.700,35.300,0.0,3.20,-0.29,-3.19
82.000,35.300,0.0,2.75,0.46,-2.71
82.300,35.300,0.0,3.10,-0.40,-3.07
82.600,35.300,0.0,3.02,-0.21,-3.01
82.900,35.300,0.0,3.21,1.13,-3.00
83.200,35.300,0.0,3.33,0.78,-3.24
83.500,35.300,0.0,2.99,1.20,-2.74
83.800,35.300,0.0,2.98,-0.51,-2.94
84.100,35.300,0.0,2.55,0.76,-2.43
84.400,35.300,0.0,2.84,-0.32,-2.82
84.700,35.300,0.0,3.18,-0.07,-3.17
85.000,35.300,0.0,2.67,0.78,-2.56
85.300,35.300,0.0,2.75,0.36,-2.73
85.600,35.300,0.0,2.60,-0.56,-2.54
85.900,35.300,0.0,3.12,-1.41,-2.78
86.200,35.300,0.0,2.61,0.51,-2.56
86.500,35.300,0.0,3.14,-1.09,-2.95
86.800,35.300,0.0,2.89,1.30,-2.58
87.100,35.300,0.0,3.11,-0.43,-3.08
87.400,35.300,0.0,2.98,-0.74,-2.89
87.700,35.300,0.0,3.46,0.22,-3.45
88.000,35.300,0.0,3.30,-0.85,-3.19
88.300,35.300,0.0,2.60,-0.16,-2.59
88.600,35.300,0.0,3.41,-0.23,-3.40
88.900,35.300,0.0,5.96,2.67,-5.33
89.200,35.300,0.0,4.60,1.10,-4.47
89.500,35.300,0.0,4.92,1.49,-4.69
89.800,35.300,0.0,4.36,1.99,-3.88
90.100,35.300,0.0,4.79,0.85,-4.72
90.400,35.300,0.0,5.96,2.59,-5.37
90.700,35.300,0.0,5.12,1.66,-4.84
91.000,35.300,0.0,4.13,-0.70,-4.06
91.300,35.300,0.0,5.18,0.41,-5.16
91.600,35.300,0.0,4.53,-0.96,-4.43
91.900,35.300,0.0,5.16,1.34,-4.98
92.200,35.300,0.0,3.98,1.46,-3.70
92.500,35.300,0.0,5.76,-2.42,-5.23
92.800,35.300,0.0,4.57,0.88,-4.48
93.100,35.300,0.0,5.66,0.89,-5.59
93.400,35.300,0.0,4.40,-0.07,-4.40
93.700,35.300,0.0,4.16,-0.39,-4.15
94.000,35.300,0.0,5.52,1.98,-5.15
94.300,35.300,0.0,4.12,-1.76,-3.72
94.600,35.300,0.0,4.77,-1.96,-4.35
94.900,35.300,0.0,5.38,-2.45,-4.79
95.200,35.300,0.0,4.72,0.67,-4.68
95.500,35.300,0.0,5.08,-1.90,-4.71
95.800,35.300,0.0,5.11,-1.76,-4.79
96.100,35.300,0.0,4.50,2.02,-4.02
96.400,35.300,0.0,4.28,-0.41,-4.26
96.700,35.300,0.0,3.93,-1.90,-3.45
73.000,35.600,0.0,4.19,1.89,-3.74
73.300,35.600,0.0,5.15,-0.78,-5.09
73.600,35.600,0.0,4.95,0.51,-4.93
73.900,35.600,0.0,3.73,1.30,-3.50
74.200,35.600,0.0,4.19,-1.26,-4.00
74.500,35.600,0.0,3.90,-1.21,-3.71
74.800,35.600,0.0,5.71,-2.10,-5.31
75.100,35.600,0.0,5.35,1.48,-5.15
75.400,35.600,0.0,4.62,-1.00,-4.51
75.700,35.600,0.0,5.63,1.02,-5.54
76.000,35.600,0.0,5.27,1.82,-4.94
76.300,35.600,0.0,5.13,-2.33,-4.57
76.600,35.600,0.0,4.77,-0.97,-4.67
76.900,35.600,0.0,5.72,2.66,-5.06
77.200,35.600,0.0,4.42,-0.06,-4.42
77.500,35.600,0.0,4.48,-1.85,-4.08
77.800,35.600,0.0,4.00,0.38,-3.98
78.100,35.600,0.0,4.83,-2.19,-4.31
78.400,35.600,0.0,4.65,1.55,-4.38
78.700,35.600,0.0,5.95,-0.32,-5.95
79.000,35.600,0.0,5.27,-1.27,-5.12
79.300,35.600,0.0,3.44,-0.41,-3.41
79.600,35.600,0.0,3.01,0.73,-2.92
79.900,35.600,0.0,3.46,1.23,-3.23
80.200,35.600,0.0,3.08,-1.22,-2.83
80.500,35.600,0.0,3.46,1.67,-3.04
80.800,35.600,0.0,3.16,-0.59,-3.10
81.100,35.600,0.0,2.85,-0.52,-2.80
81.400,35.600,0.0,2.68,-0.44,-2.64
81.700,35.600,0.0,3.30,-1.40,-2.99
82.000,35.600,0.0,3.42,0.73,-3.34
82.300,35.600,0.0,3.40,0.55,-3.36
82.600,35.600,0.0,3.47,-0.22,-3.47
82.900,35.600,0.0,3.15,-0.24,-3.14
83.200,35.600,0.0,2.56,0.19,-2.55
83.500,35.600,0.0,2.96,-0.58,-2.90
83.800,35.600,0.0,3.27,1.27,-3.01
84.100,35.600,0.0,3.02,-0.83,-2.90
84.400,35.600,0.0,2.79,-0.34,-2.77
84.700,35.600,0.0,2.52,-0.32,-2.50
85.000,35.600,0.0,2.54,0.73,-2.43
85.300,35.600,0.0,3.29,0.37,-3.27
85.600,35.600,0.0,2.83,0.40,-2.80
85.900,35.600,0.0,2.89,1.30,-2.58
86.200,35.600,0.0,2.51,-0.37,-2.48
86.500,35.600,0.0,2.86,0.03,-2.86
86.800,35.600,0.0,3.46,1.63,-3.05
87.100,35.600,0.0,3.47,-0.24,-3.46
87.400,35.600,0.0,3.05,0.56,-3.00
87.700,35.600,0.0,3.20,0.92,-3.07
88.000,35.600,0.0,3.42,0.68,-3.36
88.300,35.600,0.0,3.47,0.71,-3.40
88.600,35.600,0.0,2.69,0.94,-2.52
88.900,35.600,0.0,3.16,1.04,-2.99
89.200,35.600,0.0,4.75,0.41,-4.73
89.500,35.600,0.0,5.72,-2.28,-5.25
89.800,35.600,0.0,4.75,1.12,-4.62
90.100,35.600,0.0,5.91,2.38,-5.41
90.400,35.600,0.0,5.37,1.14,-5.25
90.700,35.600,0.0,4.79,2.12,-4.30
91.000,35.600,0.0,5.64,0.41,-5.62
91.300,35.600,0.0,5.39,-0.50,-5.36
91.600,35.600,0.0,5.17,-0.72,-5.12
91.900,35.600,0.0,5.61,2.01,-5.24
92.200,35.600,0.0,4.58,-1.68,-4.26
92.500,35.600,0.0,4.31,-1.65,-3.98
92.800,35.600,0.0,4.62,-1.91,-4.20
93.100,35.600,0.0,5.85,-0.10,-5.85
93.400,35.600,0.0,5.78,1.68,-5.53
93.700,35.600,0.0,4.84,0.61,-4.80
94.000,35.600,0.0,4.41,-0.08,-4.41
94.300,35.600,0.0,5.47,2.56,-4.83
94.600,35.600,0.0,4.12,1.24,-3.93
94.900,35.600,0.0,4.41,1.83,-4.01
95.200,35.600,0.0,5.47,0.17,-5.47
95.500,35.600,0.0,4.59,-1.10,-4.45
95.800,35.600,0.0,5.18,-2.43,-4.58
96.100,35.600,0.0,3.82,-0.38,-3.81
96.400,35.600,0.0,5.22,-1.32,-5.05
96.700,35.600,0.0,4.46,-0.70,-4.41
73.000,35.900,0.0,3.63,0.76,-3.55
73.300,35.900,0.0,5.49,1.87,-5.16
73.600,35.900,0.0,4.97,0.85,-4.89
73.900,35.900,0.0,5.37,-2.19,-4.91
74.200,35.900,0.0,5.24,1.68,-4.96
74.500,35.900,0.0,3.99,1.08,-3.84
74.800,35.900,0.0,4.48,1.49,-4.23
75.100,35.900,0.0,5.77,-1.99,-5.42
75.400,35.900,0.0,4.73,0.82,-4.66
75.700,35.900,0.0,4.70,-2.23,-4.14
76.000,35.900,0.0,4.81,-2.03,-4.36
76.300,35.900,0.0,5.68,-2.24,-5.22
76.600,35.900,0.0,4.46,-1.39,-4.24
76.900,35.900,0.0,4.01,-0.39,-3.99
77.200,35.900,0.0,5.02,-2.48,-4.37
77.500,35.900,0.0,5.20,1.94,-4.82
77.800,35.900,0.0,5.08,-1.20,-4.94
78.100,35.900,0.0,4.95,1.02,-4.85
78.400,35.900,0.0,5.66,0.41,-5.64
78.700,35.900,0.0,5.53,-1.70,-5.26
79.000,35.900,0.0,2.54,0.51,-2.48
79.300,35.900,0.0,2.71,0.40,-2.68
79.600,35.900,0.0,3.20,-0.03,-3.20
79.900,35.900,0.0,2.95,0.93,-2.80
80.200,35.900,0.0,2.53,1.02,-2.32
80.500,35.900,0.0,3.29,0.15,-3.28
80.800,35.900,0.0,2.66,-0.53,-2.61
81.100,35.900,0.0,2.81,0.01,-2.81
81.400,35.900,0.0,3.01,0.29,-2.99
81.700,35.900,0.0,2.55,-0.94,-2.37
82.000,35.900,0.0,2.99,0.91,-2.85
82.300,35.900,0.0,3.25,-1.39,-2.93
82.600,35.900,0.0,3.42,0.94,-3.29
82.900,35.900,0.0,3.49,1.11,-3.31
83.200,35.900,0.0,3.33,1.04,-3.17
83.500,35.900,0.0,3.02,0.04,-3.02
83.800,35.900,0.0,2.91,0.95,-2.75
84.100,35.900,0.0,2.99,-0.06,-2.99
84.400,35.900,0.0,3.19,-0.54,-3.14
84.700,35.900,0.0,3.36,0.06,-3.36
85.000,35.900,0.0,3.07,-0.64,-3.00
85.300,35.900,0.0,3.12,0.36,-3.10
85.600,35.900,0.0,2.81,0.74,-2.71
85.900,35.900,0.0,3.14,1.39,-2.82
86.200,35.900,0.0,3.26,-1.33,-2.97
86.500,35.900,0.0,3.08,-1.28,-2.80
86.800,35.900,0.0,2.58,1.06,-2.35
87.100,35.900,0.0,3.26,0.24,-3.25
87.400,35.900,0.0,2.96,0.66,-2.89
87.700,35.900,0.0,3.41,1.53,-3.04
88.000,35.900,0.0,3.31,0.71,-3.24
88.300,35.900,0.0,2.73,-0.40,-2.70
88.600,35.900,0.0,3.30,0.17,-3.30
88.900,35.900,0.0,2.78,0.15,-2.78
89.200,35.900,0.0,4.72,-0.11,-4.72
89.500,35.900,0.0,5.42,-0.47,-5.40
89.800,35.900,0.0,5.90,1.92,-5.58
90.100,35.900,0.0,6.10,-2.44,-5.59
90.400,35.900,0.0,5.77,-1.34,-5.61
90.700,35.900,0.0,4.40,-0.93,-4.30
91.000,35.900,0.0,5.27,2.32,-4.73
91.300,35.900,0.0,5.82,2.26,-5.36
91.600,35.900,0.0,4.04,-0.27,-4.03
91.900,35.900,0.0,4.33,-2.04,-3.82
92.200,35.900,0.0,4.40,-1.37,-4.19
92.500,35.900,0.0,4.93,1.90,-4.54
92.800,35.900,0.0,4.34,-1.50,-4.07
93.100,35.900,0.0,4.19,0.38,-4.17
93.400,35.900,0.0,4.27,0.85,-4.18
93.700,35.900,0.0,5.39,-0.71,-5.35
94.000,35.900,0.0,4.22,0.43,-4.20
94.300,35.900,0.0,4.05,-1.51,-3.76
94.600,35.900,0.0,5.81,-1.80,-5.52
94.900,35.900,0.0,5.15,2.01,-4.74
95.200,35.900,0.0,4.05,1.72,-3.66
95.500,35.900,0.0,4.14,0.86,-4.05
95.800,35.900,0.0,4.85,0.30,-4.84
96.100,35.900,0.0,5.51,-1.98,-5.14
96.400,35.900,0.0,4.37,-0.39,-4.35
96.700,35.900,0.0,5.49,1.32,-5.33
73.000,36.200,0.0,4.98,1.29,-4.81
73.300,36.200,0.0,4.23,1.72,-3.86
73.600,36.200,0.0,4.70,1.79,-4.35
73.900,36.200,0.0,3.95,1.78,-3.52
74.200,36.200,0.0,5.32,0.19,-5.32
74.500,36.200,0.0,5.16,-2.43,-4.56
74.800,36.200,0.0,4.83,1.92,-4.43
75.100,36.200,0.0,4.69,2.06,-4.21
75.400,36.200,0.0,4.18,1.30,-3.97
75.700,36.200,0.0,4.87,0.60,-4.83
76.000,36.200,0.0,4.58,1.44,-4.35
76.300,36.200,0.0,5.21,-2.48,-4.59
76.600,36.200,0.0,5.42,1.88,-5.08
76.900,36.200,0.0,5.28,-0.03,-5.28
77.200,36.200,0.0,5.80,0.51,-5.77
77.500,36.200,0.0,4.24,0.91,-4.14
77.800,36.200,0.0,4.47,-0.21,-4.47
78.100,36.200,0.0,5.85,1.56,-5.63
78.400,36.200,0.0,4.69,1.08,-4.56
78.700,36.200,0.0,2.79,1.34,-2.44
79.000,36.200,0.0,3.48,0.67,-3.41
79.300,36.200,0.0,3.01,-0.44,-2.97
79.600,36.200,0.0,3.49,-1.28,-3.25
79.900,36.200,0.0,2.99,-0.94,-2.84
80.200,36.200,0.0,3.44,-0.70,-3.36
80.500,36.200,0.0,3.46,-0.78,-3.37
80.800,36.200,0.0,3.36,-0.98,-3.21
81.100,36.200,0.0,2.95,-0.31,-2.93
81.400,36.200,0.0,3.33,1.32,-3.06
81.700,36.200,0.0,3.15,1.35,-2.85
82.000,36.200,0.0,2.60,0.94,-2.42
82.300,36.200,0.0,3.36,-0.80,-3.26
82.600,36.200,0.0,2.53,-1.21,-2.23
82.900,36.200,0.0,3.25,-1.09,-3.06
83.200,36.200,0.0,3.44,-0.90,-3.32
83.500,36.200,0.0,2.84,-0.44,-2.81
83.800,36.200,0.0,2.50,1.22,-2.18
84.100,36.200,0.0,3.45,-0.60,-3.40
84.400,36.200,0.0,3.49,0.33,-3.48
84.700,36.200,0.0,3.49,-0.89,-3.38
85.000,36.200,0.0,2.91,-0.57,-2.86
85.300,36.200,0.0,3.19,0.84,-3.08
85.600,36.200,0.0,3.19,1.14,-2.97
85.900,36.200,0.0,2.88,0.26,-2.87
86.200,36.200,0.0,3.31,-0.54,-3.27
86.500,36.200,0.0,2.78,-0.15,-2.77
86.800,36.200,0.0,3.39,-0.55,-3.34
87.100,36.200,0.0,3.24,-0.02,-3.24
87.400,36.200,0.0,3.04,1.00,-2.87
87.700,36.200,0.0,2.79,-0.98,-2.61
88.000,36.200,0.0,2.81,1.05,-2.61
88.300,36.200,0.0,2.76,-0.13,-2.76
88.600,36.200,0.0,3.34,-0.07,-3.34
88.900,36.200,0.0,2.89,1.00,-2.71
89.200,36.200,0.0,2.63,0.96,-2.45
89.500,36.200,0.0,4.52,0.72,-4.46
89.800,36.200,0.0,5.68,0.08,-5.68
90.100,36.200,0.0,4.22,1.87,-3.78
90.400,36.200,0.0,5.41,1.49,-5.20
90.700,36.200,0.0,4.32,-1.16,-4.16
91.000,36.200,0.0,5.66,-0.10,-5.66
91.300,36.200,0.0,5.04,-2.09,-4.58
91.600,36.200,0.0,4.95,2.00,-4.53
91.900,36.200,0.0,4.35,1.00,-4.23
92.200,36.200,0.0,4.53,-0.55,-4.50
92.500,36.200,0.0,4.22,0.88,-4.12
92.800,36.200,0.0,5.59,-1.63,-5.34
93.100,36.200,0.0,4.69,0.72,-4.64
93.400,36.200,0.0,5.64,-2.00,-5.28
93.700,36.200,0.0,5.68,1.87,-5.36
94.000,36.200,0.0,4.11,-1.33,-3.89
94.300,36.200,0.0,4.52,-0.51,-4.49
94.600,36.200,0.0,4.91,-1.20,-4.76
94.900,36.200,0.0,4.59,-1.01,-4.48
95.200,36.200,0.0,5.50,1.17,-5.37
95.500,36.200,0.0,4.19,-1.53,-3.90
95.800,36.200,0.0,4.91,-0.47,-4.89
96.100,36.200,0.0,5.48,-1.01,-5.38
96.400,36.200,0.0,5.09,1.45,-4.88
96.700,36.200,0.0,5.23,2.47,-4.61
73.000,36.500,0.0,4.05,0.62,-4.00
73.300,36.500,0.0,4.03,0.13,-4.02
73.600,36.500,0.0,4.75,-2.09,-4.26
73.900,36.500,0.0,4.85,-1.11,-4.72
74.200,36.500,0.0,4.07,1.49,-3.79
74.500,36.500,0.0,4.66,-2.31,-4.04
74.800,36.500,0.0,4.02,1.31,-3.80
75.100,36.500,0.0,5.27,-0.93,-5.19
75.400,36.500,0.0,5.45,-2.69,-4.74
75.700,36.500,0.0,4.21,-1.73,-3.83
76.000,36.500,0.0,5.18,2.30,-4.64
76.300,36.500,0.0,4.43,0.70,-4.37
76.600,36.500,0.0,4.12,0.65,-4.07
76.900,36.500,0.0,5.12,-1.17,-4.99
77.200,36.500,0.0,5.23,-2.55,-4.56
77.500,36.500,0.0,5.00,-1.35,-4.82
77.800,36.500,0.0,4.62,1.83,-4.24
78.100,36.500,0.0,5.81,1.61,-5.59
78.400,36.500,0.0,5.29,-0.46,-5.27
78.700,36.500,0.0,2.53,-0.79,-2.40
79.000,36.500,0.0,2.89,-1.35,-2.55
79.300,36.500,0.0,3.46,0.57,-3.42
79.600,36.500,0.0,2.58,0.84,-2.44
79.900,36.500,0.0,2.74,0.52,-2.69
80.200,36.500,0.0,2.67,-0.79,-2.55
80.500,36.500,0.0,2.88,-0.54,-2.82
80.800,36.500,0.0,3.28,-0.83,-3.17
81.100,36.500,0.0,2.92,1.03,-2.73
81.400,36.500,0.0,3.36,0.59,-3.31
81.700,36.500,0.0,2.72,-1.27,-2.40
82.000,36.500,0.0,3.32,-0.04,-3.32
82.300,36.500,0.0,3.46,-1.26,-3.22
82.600,36.500,0.0,2.86,0.98,-2.69
82.900,36.500,0.0,3.36,-0.32,-3.34
83.200,36.500,0.0,3.24,1.11,-3.04
83.500,36.500,0.0,2.87,0.00,-2.87
83.800,36.500,0.0,3.18,0.29,-3.17
84.100,36.500,0.0,2.85,-0.26,-2.84
84.400,36.500,0.0,2.69,-0.53,-2.64
84.700,36.500,0.0,3.03,0.70,-2.95
85.000,36.500,0.0,3.17,-0.87,-3.05
85.300,36.500,0.0,2.51,-0.10,-2.51
85.600,36.500,0.0,3.10,0.24,-3.09
85.900,36.500,0.0,3.23,-0.76,-3.14
86.200,36.500,0.0,2.88,0.22,-2.87
86.500,36.500,0.0,3.03,0.15,-3.02
86.800,36.500,0.0,2.81,0.41,-2.78
87.100,36.500,0.0,2.93,-0.03,-2.93
87.400,36.500,0.0,2.70,0.13,-2.70
87.700,36.500,0.0,3.37,1.52,-3.01
88.000,36.500,0.0,3.33,1.41,-3.01
88.300,36.500,0.0,2.51,0.06,-2.51
88.600,36.500,0.0,2.97,0.36,-2.95
88.900,36.500,0.0,2.92,-0.94,-2.76
89.200,36.500,0.0,2.65,-0.86,-2.51
89.500,36.500,0.0,5.13,-0.04,-5.13
89.800,36.500,0.0,4.64,-1.93,-4.22
90.100,36.500,0.0,5.85,2.11,-5.46
90.400,36.500,0.0,4.88,1.85,-4.51
90.700,36.500,0.0,4.51,0.88,-4.43
91.000,36.500,0.0,6.00,-1.48,-5.81
91.300,36.500,0.0,5.94,1.09,-5.84
91.600,36.500,0.0,5.99,0.41,-5.98
91.900,36.500,0.0,5.09,-2.39,-4.49
92.200,36.500,0.0,4.96,0.86,-4.88
92.500,36.500,0.0,4.37,0.17,-4.37
92.800,36.500,0.0,5.63,-1.71,-5.36
93.100,36.500,0.0,4.72,-1.81,-4.36
93.400,36.500,0.0,4.36,-0.04,-4.36
93.700,36.500,0.0,3.95,1.72,-3.55
94.000,36.500,0.0,4.56,0.54,-4.52
94.300,36.500,0.0,4.55,1.41,-4.32
94.600,36.500,0.0,4.55,0.18,-4.55
94.900,36.500,0.0,4.68,-1.89,-4.28
95.200,36.500,0.0,3.85,0.39,-3.83
95.500,36.500,0.0,3.94,0.67,-3.89
95.800,36.500,0.0,4.00,-1.88,-3.53
96.100,36.500,0.0,4.17,1.46,-3.90
96.400,36.500,0.0,5.11,-2.14,-4.64
96.700,36.500,0.0,5.06,1.60,-4.80
73.000,36.800,0.0,5.47,-2.34,-4.94
73.300,36.800,0.0,4.75,0.45,-4.73
73.600,36.800,0.0,4.89,-1.84,-4.53
73.900,36.800,0.0,4.37,1.06,-4.24
74.200,36.800,0.0,3.84,1.24,-3.64
74.500,36.800,0.0,4.33,-0.38,-4.32
74.800,36.800,0.0,5.16,-1.80,-4.84
75.100,36.800,0.0,4.71,-1.38,-4.51
75.400,36.800,0.0,5.43,-0.57,-5.40
75.700,36.800,0.0,5.10,1.88,-4.74
76.000,36.800,0.0,4.55,-1.80,-4.18
76.300,36.800,0.0,4.51,-1.57,-4.23
76.600,36.800,0.0,3.97,0.31,-3.96
76.900,36.800,0.0,5.18,-1.02,-5.08
77.200,36.800,0.0,4.19,-1.57,-3.89
77.500,36.800,0.0,5.60,0.45,-5.59
77.800,36.800,0.0,5.23,0.98,-5.14
78.100,36.800,0.0,5.85,-2.32,-5.37
78.400,36.800,0.0,5.75,0.77,-5.69
78.700,36.800,0.0,3.01,1.43,-2.65
79.000,36.800,0.0,2.74,0.49,-2.70
79.300,36.800,0.0,2.77,0.62,-2.70
79.600,36.800,0.0,2.71,0.03,-2.71
79.900,36.800,0.0,3.03,0.26,-3.02
80.200,36.800,0.0,3.20,1.13,-3.00
80.500,36.800,0.0,3.04,-0.81,-2.93
80.800,36.800,0.0,3.20,-1.20,-2.96
81.100,36.800,0.0,3.44,0.28,-3.43
81.400,36.800,0.0,2.77,-0.10,-2.77
81.700,36.800,0.0,2.61,-0.95,-2.44
82.000,36.800,0.0,3.05,0.47,-3.01
82.300,36.800,0.0,2.66,1.28,-2.34
82.600,36.800,0.0,3.01,0.12,-3.01
82.900,36.800,0.0,3.06,1.22,-2.81
83.200,36.800,0.0,2.98,-1.37,-2.64
83.500,36.800,0.0,2.60,-0.76,-2.49
83.800,36.800,0.0,3.04,1.33,-2.74
84.100,36.800,0.0,3.00,-0.07,-3.00
84.400,36.800,0.0,3.39,1.41,-3.08
84.700,36.800,0.0,3.32,1.01,-3.16
85.000,36.800,0.0,3.05,0.22,-3.04
85.300,36.800,0.0,2.81,0.36,-2.79
85.600,36.800,0.0,2.93,-0.05,-2.93
85.900,36.800,0.0,3.15,-0.26,-3.13
86.200,36.800,0.0,3.39,-1.00,-3.24
86.500,36.800,0.0,3.33,-0.42,-3.30
86.800,36.800,0.0,3.46,-1.64,-3.05
87.100,36.800,0.0,3.34,1.60,-2.93
87.400,36.800,0.0,3.24,-0.85,-3.13
87.700,36.800,0.0,3.26,1.23,-3.02
88.000,36.800,0.0,3.25,1.08,-3.07
88.300,36.800,0.0,3.44,0.53,-3.40
88.600,36.800,0.0,3.08,0.59,-3.02
88.900,36.800,0.0,3.10,1.03,-2.92
89.200,36.800,0.0,2.84,-0.55,-2.78
89.500,36.800,0.0,2.89,-0.24,-2.88
89.800,36.800,0.0,4.44,-0.59,-4.40
90.100,36.800,0.0,5.16,1.87,-4.80
90.400,36.800,0.0,4.57,0.59,-4.53
90.700,36.800,0.0,4.34,1.75,-3.98
91.000,36.800,0.0,4.50,-1.21,-4.33
91.300,36.800,0.0,4.93,1.13,-4.80
91.600,36.800,0.0,4.11,0.62,-4.06
91.900,36.800,0.0,6.05,-2.11,-5.67
92.200,36.800,0.0,5.01,0.38,-4.99
92.500,36.800,0.0,5.28,-1.66,-5.01
92.800,36.800,0.0,4.15,0.52,-4.12
93.100,36.800,0.0,4.83,-0.15,-4.83
93.400,36.800,0.0,4.77,2.07,-4.29
93.700,36.800,0.0,5.55,1.00,-5.46
94.000,36.800,0.0,4.72,1.95,-4.30
94.300,36.800,0.0,3.98,0.93,-3.87
94.600,36.800,0.0,5.79,-1.58,-5.57
94.900,36.800,0.0,4.03,0.72,-3.97
95.200,36.800,0.0,4.43,-0.62,-4.38
95.500,36.800,0.0,4.82,0.79,-4.75
95.800,36.800,0.0,5.14,-1.99,-4.74
96.100,36.800,0.0,5.09,0.11,-5.08
96.400,36.800,0.0,4.71,0.40,-4.69
96.700,36.800,0.0,4.26,-1.27,-4.07
73.000,37.100,0.0,5.23,-2.06,-4.81
73.300,37.100,0.0,4.60,-0.34,-4.58
73.600,37.100,0.0,5.10,1.74,-4.79
73.900,37.100,0.0,4.68,-0.92,-4.59
74.200,37.100,0.0,5.04,1.86,-4.68
74.500,37.100,0.0,4.71,0.86,-4.63
74.800,37.100,0.0,5.63,-0.90,-5.56
75.100,37.100,0.0,5.78,1.61,-5.55
75.400,37.100,0.0,5.60,1.38,-5.43
75.700,37.100,0.0,4.10,-0.80,-4.02
76.000,37.100,0.0,4.66,0.03,-4.66
76.300,37.100,0.0,5.26,0.09,-5.26
76.600,37.100,0.0,5.21,-0.94,-5.12
76.900,37.100,0.0,4.39,-0.09,-4.39
77.200,37.100,0.0,5.81,1.39,-5.64
77.500,37.100,0.0,5.91,-1.89,-5.60
77.800,37.100,0.0,4.92,0.62,-4.88
78.100,37.100,0.0,4.60,0.03,-4.60
78.400,37.100,0.0,2.54,-0.81,-2.41
78.700,37.100,0.0,3.27,0.37,-3.25
79.000,37.100,0.0,3.39,-0.67,-3.32
79.300,37.100,0.0,2.64,-0.10,-2.63
79.600,37.100,0.0,2.80,0.74,-2.70
79.900,37.100,0.0,3.25,0.45,-3.22
80.200,37.100,0.0,3.45,-1.72,-2.99
80.500,37.100,0.0,2.79,0.22,-2.78
80.800,37.100,0.0,2.92,0.06,-2.92
81.100,37.100,0.0,3.15,0.48,-3.11
81.400,37.100,0.0,3.40,0.24,-3.39
81.700,37.100,0.0,2.69,0.73,-2.59
82.000,37.100,0.0,2.71,1.17,-2.45
82.300,37.100,0.0,2.51,0.84,-2.37
82.600,37.100,0.0,3.15,-1.26,-2.89
82.900,37.100,0.0,2.81,-0.12,-2.81
83.200,37.100,0.0,3.00,-1.37,-2.66
83.500,37.100,0.0,2.52,-0.61,-2.45
83.800,37.100,0.0,2.79,0.74,-2.69
84.100,37.100,0.0,2.66,0.85,-2.52
84.400,37.100,0.0,2.64,-1.14,-2.38
84.700,37.100,0.0,3.22,1.37,-2.91
85.000,37.100,0.0,3.25,1.19,-3.03
85.300,37.100,0.0,3.33,0.19,-3.32
85.600,37.100,0.0,2.83,0.57,-2.78
85.900,37.100,0.0,2.95,-1.00,-2.77
86.200,37.100,0.0,2.66,0.65,-2.58
86.500,37.100,0.0,2.69,0.20,-2.68
86.800,37.100,0.0,3.35,-1.40,-3.04
87.100,37.100,0.0,3.35,1.40,-3.04
87.400,37.100,0.0,2.84,1.21,-2.57
87.700,37.100,0.0,3.14,-1.10,-2.95
88.000,37.100,0.0,2.78,0.02,-2.78
88.300,37.100,0.0,2.66,0.85,-2.52
88.600,37.100,0.0,3.45,0.02,-3.45
88.900,37.100,0.0,2.78,1.10,-2.55
89.200,37.100,0.0,3.39,0.39,-3.37
89.500,37.100,0.0,3.34,1.66,-2.90
89.800,37.100,0.0,5.52,-2.07,-5.12
90.100,37.100,0.0,5.97,0.36,-5.96
90.400,37.100,0.0,4.63,2.04,-4.15
90.700,37.100,0.0,5.15,1.00,-5.05
91.000,37.100,0.0,4.54,1.69,-4.21
91.300,37.100,0.0,4.87,-1.75,-4.55
91.600,37.100,0.0,5.98,1.57,-5.77
91.900,37.100,0.0,5.18,-2.30,-4.64
92.200,37.100,0.0,4.09,-1.54,-3.78
92.500,37.100,0.0,5.06,-1.09,-4.94
92.800,37.100,0.0,4.60,-1.24,-4.43
93.100,37.100,0.0,5.72,-1.36,-5.55
93.400,37.100,0.0,3.98,0.35,-3.97
93.700,37.100,0.0,4.40,1.34,-4.19
94.000,37.100,0.0,5.14,-0.90,-5.06
94.300,37.100,0.0,5.32,-1.25,-5.17
94.600,37.100,0.0,5.58,-2.29,-5.09
94.900,37.100,0.0,5.10,0.37,-5.09
95.200,37.100,0.0,4.25,0.10,-4.24
95.500,37.100,0.0,5.36,1.77,-5.06
95.800,37.100,0.0,5.04,0.36,-5.02
96.100,37.100,0.0,4.46,2.17,-3.90
96.400,37.100,0.0,4.50,1.90,-4.08
96.700,37.100,0.0,5.51,-1.09,-5.40
73.000,37.400,0.0,4.18,-1.63,-3.85
73.300,37.400,0.0,4.13,1.62,-3.79
73.600,37.400,0.0,4.91,1.63,-4.64
73.900,37.400,0.0,5.34,1.16,-5.22
74.200,37.400,0.0,5.47,-0.92,-5.39
74.500,37.400,0.0,5.64,-2.43,-5.09
74.800,37.400,0.0,5.06,-2.30,-4.51
75.100,37.400,0.0,5.44,-2.32,-4.92
75.400,37.400,0.0,3.93,-0.73,-3.86
75.700,37.400,0.0,4.27,0.99,-4.16
76.000,37.400,0.0,4.11,-0.14,-4.11
76.300,37.400,0.0,4.78,2.31,-4.19
76.600,37.400,0.0,4.34,0.26,-4.33
76.900,37.400,0.0,5.63,-1.32,-5.47
77.200,37.400,0.0,5.95,-2.59,-5.36
77.500,37.400,0.0,4.74,-0.37,-4.72
77.800,37.400,0.0,5.36,0.21,-5.36
78.100,37.400,0.0,5.83,1.31,-5.68
78.400,37.400,0.0,2.65,0.74,-2.55
78.700,37.400,0.0,3.24,-0.42,-3.21
79.000,37.400,0.0,3.27,-0.31,-3.25
79.300,37.400,0.0,2.71,-0.36,-2.68
79.600,37.400,0.0,3.33,0.57,-3.28
79.900,37.400,0.0,2.61,0.25,-2.60
80.200,37.400,0.0,3.23,1.34,-2.94
80.500,37.400,0.0,3.07,0.10,-3.07
80.800,37.400,0.0,2.54,1.06,-2.30
81.100,37.400,0.0,2.87,-1.03,-2.68
81.400,37.400,0.0,2.55,-0.17,-2.55
81.700,37.400,0.0,2.52,-1.14,-2.25
82.000,37.400,0.0,2.82,0.63,-2.75
82.300,37.400,0.0,2.95,-0.73,-2.86
82.600,37.400,0.0,2.61,-1.21,-2.31
82.900,37.400,0.0,3.19,0.25,-3.18
83.200,37.400,0.0,2.87,-0.01,-2.87
83.500,37.400,0.0,2.70,0.08,-2.70
83.800,37.400,0.0,3.47,1.33,-3.20
84.100,37.400,0.0,3.09,1.07,-2.90
84.400,37.400,0.0,2.88,1.29,-2.57
84.700,37.400,0.0,2.77,0.24,-2.76
85.000,37.400,0.0,3.32,-0.98,-3.17
85.300,37.400,0.0,2.94,1.12,-2.71
85.600,37.400,0.0,2.91,1.03,-2.72
85.900,37.400,0.0,3.32,0.39,-3.30
86.200,37.400,0.0,2.79,-0.75,-2.68
86.500,37.400,0.0,3.11,-1.14,-2.90
86.800,37.400,0.0,2.78,0.27,-2.76
87.100,37.400,0.0,2.86,0.64,-2.78
87.400,37.400,0.0,2.78,-0.14,-2.77
87.700,37.400,0.0,3.40,0.52,-3.36
88.000,37.400,0.0,3.18,1.34,-2.88
88.300,37.400,0.0,2.52,0.77,-2.40
88.600,37.400,0.0,3.21,-1.12,-3.00
88.900,37.400,0.0,2.79,0.59,-2.72
89.200,37.400,0.0,2.53,0.13,-2.53
89.500,37.400,0.0,3.28,0.97,-3.13
89.800,37.400,0.0,5.56,-0.37,-5.55
90.100,37.400,0.0,5.67,-2.75,-4.96
90.400,37.400,0.0,4.35,0.34,-4.34
90.700,37.400,0.0,6.14,-0.24,-6.13
91.000,37.400,0.0,4.79,1.66,-4.49
91.300,37.400,0.0,5.74,-2.42,-5.21
91.600,37.400,0.0,5.14,-1.37,-4.95
91.900,37.400,0.0,4.77,0.93,-4.68
92.200,37.400,0.0,5.45,1.20,-5.32
92.500,37.400,0.0,4.79,0.25,-4.78
92.800,37.400,0.0,4.87,-1.13,-4.73
93.100,37.400,0.0,4.57,0.92,-4.47
93.400,37.400,0.0,5.23,1.39,-5.05
93.700,37.400,0.0,4.07,-0.09,-4.06
94.000,37.400,0.0,5.90,-2.45,-5.37
94.300,37.400,0.0,5.72,-1.99,-5.36
94.600,37.400,0.0,5.14,2.18,-4.65
94.900,37.400,0.0,4.94,-1.20,-4.79
95.200,37.400,0.0,4.26,1.42,-4.02
95.500,37.400,0.0,3.89,1.21,-3.70
95.800,37.400,0.0,4.44,-0.38,-4.43
96.100,37.400,0.0,5.73,-1.94,-5.39
96.400,37.400,0.0,4.38,-0.92,-4.28
96.700,37.400,0.0,3.91,-0.57,-3.86
73.000,37.700,0.0,5.56,-2.09,-5.16
73.300,37.700,0.0,5.53,-0.48,-5.51
73.600,37.700,0.0,4.35,0.15,-4.35
73.900,37.700,0.0,4.03,-1.97,-3.52
74.200,37.700,0.0,4.81,0.41,-4.79
74.500,37.700,0.0,4.39,-1.99,-3.92
74.800,37.700,0.0,5.50,2.31,-4.99
75.100,37.700,0.0,5.79,1.84,-5.49
75.400,37.700,0.0,5.83,-0.21,-5.83
75.700,37.700,0.0,4.06,-0.76,-3.99
76.000,37.700,0.0,4.66,0.22,-4.66
76.300,37.700,0.0,5.23,1.64,-4.97
76.600,37.700,0.0,4.78,0.82,-4.71
76.900,37.700,0.0,4.78,-1.17,-4.63
77.200,37.700,0.0,5.21,-2.12,-4.76
77.500,37.700,0.0,4.33,-1.02,-4.21
77.800,37.700,0.0,5.17,-1.74,-4.87
78.100,37.700,0.0,4.77,-0.74,-4.71
78.400,37.700,0.0,3.26,-0.22,-3.25
78.700,37.700,0.0,3.00,0.15,-2.99
79.000,37.700,0.0,2.86,-0.98,-2.68
79.300,37.700,0.0,2.52,-0.19,-2.52
79.600,37.700,0.0,3.01,-0.66,-2.94
79.900,37.700,0.0,2.63,-1.31,-2.29
80.200,37.700,0.0,2.71,1.29,-2.38
80.500,37.700,0.0,3.31,-1.34,-3.02
80.800,37.700,0.0,2.77,0.45,-2.73
81.100,37.700,0.0,3.27,1.13,-3.07
81.400,37.700,0.0,3.25,-0.65,-3.19
81.700,37.700,0.0,3.35,-0.83,-3.25
82.000,37.700,0.0,3.07,-1.05,-2.89
82.300,37.700,0.0,3.39,-0.44,-3.36
82.600,37.700,0.0,2.74,-1.32,-2.41
82.900,37.700,0.0,3.05,-0.26,-3.04
83.200,37.700,0.0,3.12,0.81,-3.01
83.500,37.700,0.0,3.03,-0.71,-2.95
83.800,37.700,0.0,2.58,-0.01,-2.58
84.100,37.700,0.0,2.54,0.57,-2.48
84.400,37.700,0.0,3.49,-0.07,-3.49
84.700,37.700,0.0,2.56,-0.17,-2.55
85.000,37.700,0.0,3.24,-1.39,-2.93
85.300,37.700,0.0,3.17,-1.24,-2.91
85.600,37.700,0.0,2.85,0.60,-2.79
85.900,37.700,0.0,3.13,0.58,-3.08
86.200,37.700,0.0,2.81,0.87,-2.67
86.500,37.700,0.0,2.88,-0.30,-2.86
86.800,37.700,0.0,2.52,-0.51,-2.47
87.100,37.700,0.0,3.47,1.42,-3.17
87.400,37.700,0.0,2.75,1.18,-2.49
87.700,37.700,0.0,3.29,-1.61,-2.87
88.000,37.700,0.0,2.66,0.58,-2.59
88.300,37.700,0.0,2.96,1.44,-2.58
88.600,37.700,0.0,2.93,1.46,-2.54
88.900,37.700,0.0,2.58,-1.09,-2.34
89.200,37.700,0.0,3.04,-0.04,-3.04
89.500,37.700,0.0,2.52,0.49,-2.47
89.800,37.700,0.0,2.69,0.95,-2.52
90.100,37.700,0.0,4.42,-1.19,-4.26
90.400,37.700,0.0,5.17,1.24,-5.02
90.700,37.700,0.0,5.20,1.24,-5.05
91.000,37.700,0.0,4.23,-0.48,-4.20
91.300,37.700,0.0,5.60,-1.06,-5.50
91.600,37.700,0.0,4.30,1.05,-4.17
91.900,37.700,0.0,5.89,-2.86,-5.15
92.200,37.700,0.0,4.63,-1.10,-4.50
92.500,37.700,0.0,5.65,0.84,-5.59
92.800,37.700,0.0,5.67,1.00,-5.58
93.100,37.700,0.0,4.46,-1.10,-4.33
93.400,37.700,0.0,4.73,-0.20,-4.73
93.700,37.700,0.0,4.26,-1.87,-3.82
94.000,37.700,0.0,5.21,-1.52,-4.99
94.300,37.700,0.0,4.91,1.24,-4.76
94.600,37.700,0.0,5.46,2.59,-4.80
94.900,37.700,0.0,5.02,2.42,-4.39
95.200,37.700,0.0,4.04,-1.35,-3.81
95.500,37.700,0.0,4.11,0.51,-4.08
95.800,37.700,0.0,5.01,0.27,-5.01
96.100,37.700,0.0,5.67,0.16,-5.66
96.400,37.700,0.0,5.02,2.19,-4.52
96.700,37.700,0.0,4.68,-1.27,-4.50
73.000,38.000,0.0,4.62,-1.33,-4.43
73.300,38.000,0.0,4.87,2.37,-4.25
73.600,38.000,0.0,4.29,-0.80,-4.22
73.900,38.000,0.0,3.97,-0.84,-3.88
74.200,38.000,0.0,5.53,-1.65,-5.28
74.500,38.000,0.0,4.28,-1.05,-4.15
74.800,38.000,0.0,5.52,1.97,-5.15
75.100,38.000,0.0,5.11,-2.21,-4.61
75.400,38.000,0.0,4.71,0.54,-4.68
75.700,38.000,0.0,5.39,-1.87,-5.05
76.000,38.000,0.0,5.11,0.35,-5.10
76.300,38.000,0.0,4.95,-1.84,-4.60
76.600,38.000,0.0,5.24,-2.13,-4.79
76.900,38.000,0.0,6.03,2.58,-5.45
77.200,38.000,0.0,4.76,0.30,-4.75
77.500,38.000,0.0,6.02,-0.34,-6.01
77.800,38.000,0.0,4.30,1.39,-4.07
78.100,38.000,0.0,2.95,0.88,-2.81
78.400,38.000,0.0,3.14,1.36,-2.84
78.700,38.000,0.0,3.36,-0.81,-3.26
79.000,38.000,0.0,3.40,1.61,-3.00
79.300,38.000,0.0,2.56,-1.09,-2.31
79.600,38.000,0.0,2.90,0.87,-2.76
79.900,38.000,0.0,2.57,0.60,-2.49
80.200,38.000,0.0,3.44,1.70,-2.99
80.500,38.000,0.0,3.09,-1.02,-2.91
80.800,38.000,0.0,3.29,1.34,-3.01
81.100,38.000,0.0,3.15,-0.61,-3.09
81.400,38.000,0.0,3.23,-0.35,-3.21
81.700,38.000,0.0,3.38,-0.48,-3.35
82.000,38.000,0.0,2.83,0.50,-2.78
82.300,38.000,0.0,3.46,-1.06,-3.29
82.600,38.000,0.0,3.08,-0.38,-3.06
82.900,38.000,0.0,2.83,0.94,-2.67
83.200,38.000,0.0,3.41,-0.87,-3.30
83.500,38.000,0.0,2.94,0.12,-2.94
83.800,38.000,0.0,2.63,0.43,-2.60
84.100,38.000,0.0,3.14,1.06,-2.95
84.400,38.000,0.0,2.55,0.64,-2.47
84.700,38.000,0.0,2.84,-0.17,-2.84
85.000,38.000,0.0,2.86,-1.41,-2.49
85.300,38.000,0.0,2.84,-0.46,-2.80
85.600,38.000,0.0,3.31,-1.26,-3.06
85.900,38.000,0.0,3.49,1.46,-3.17
86.200,38.000,0.0,2.95,1.29,-2.65
86.500,38.000,0.0,3.27,0.76,-3.18
86.800,38.000,0.0,3.45,0.34,-3.43
87.100,38.000,0.0,2.52,0.32,-2.50
87.400,38.000,0.0,3.31,-0.66,-3.24
87.700,38.000,0.0,2.65,-1.05,-2.43
88.000,38.000,0.0,2.76,-1.21,-2.48
88.300,38.000,0.0,2.68,1.11,-2.44
88.600,38.000,0.0,2.71,-0.76,-2.60
88.900,38.000,0.0,3.06,1.06,-2.87
89.200,38.000,0.0,2.61,0.88,-2.45
89.500,38.000,0.0,3.35,-0.48,-3.31
89.800,38.000,0.0,3.16,-1.08,-2.98
90.100,38.000,0.0,5.77,-0.87,-5.70
90.400,38.000,0.0,5.74,0.76,-5.69
90.700,38.000,0.0,5.22,-2.01,-4.82
91.000,38.000,0.0,4.28,-0.71,-4.22
91.300,38.000,0.0,4.32,1.87,-3.90
91.600,38.000,0.0,5.04,0.74,-4.99
91.900,38.000,0.0,4.75,-0.37,-4.73
92.200,38.000,0.0,5.95,-0.95,-5.87
92.500,38.000,0.0,4.24,0.84,-4.16
92.800,38.000,0.0,4.20,-1.26,-4.01
93.100,38.000,0.0,4.45,-0.34,-4.44
93.400,38.000,0.0,4.76,-2.20,-4.22
93.700,38.000,0.0,5.71,-2.64,-5.07
94.000,38.000,0.0,5.74,-2.52,-5.16
94.300,38.000,0.0,5.24,-0.02,-5.24
94.600,38.000,0.0,4.39,-2.18,-3.82
94.900,38.000,0.0,3.99,0.90,-3.89
95.200,38.000,0.0,4.40,-0.91,-4.31
95.500,38.000,0.0,4.72,1.65,-4.43
95.800,38.000,0.0,4.44,0.65,-4.40
96.100,38.000,0.0,4.77,0.46,-4.75
96.400,38.000,0.0,4.53,1.56,-4.25
96.700,38.000,0.0,5.66,-2.60,-5.03
73.000,38.300,0.0,3.84,1.53,-3.52
73.300,38.300,0.0,4.99,-1.63,-4.72
73.600,38.300,0.0,4.06,-1.72,-3.68
73.900,38.300,0.0,4.32,-0.16,-4.32
74.200,38.300,0.0,4.88,-0.05,-4.88
74.500,38.300,0.0,4.47,1.63,-4.16
74.800,38.300,0.0,4.92,-0.55,-4.89
75.100,38.300,0.0,4.04,1.07,-3.90
75.400,38.300,0.0,5.76,-0.70,-5.72
75.700,38.300,0.0,5.19,-1.74,-4.89
76.000,38.300,0.0,4.35,-0.86,-4.26
76.300,38.300,0.0,4.39,-1.50,-4.12
76.600,38.300,0.0,4.35,1.62,-4.03
76.900,38.300,0.0,5.47,-0.25,-5.46
77.200,38.300,0.0,5.84,2.34,-5.35
77.500,38.300,0.0,5.68,-1.09,-5.57
77.800,38.300,0.0,5.04,1.04,-4.93
78.100,38.300,0.0,2.72,-1.22,-2.44
78.400,38.300,0.0,3.10,1.52,-2.70
78.700,38.300,0.0,2.81,0.15,-2.80
79.000,38.300,0.0,2.67,-1.14,-2.41
79.300,38.300,0.0,3.33,-1.46,-3.00
79.600,38.300,0.0,2.72,-1.15,-2.47
79.900,38.300,0.0,2.76,0.62,-2.69
80.200,38.300,0.0,2.89,0.95,-2.73
80.500,38.300,0.0,3.40,-1.59,-3.01
80.800,38.300,0.0,2.91,0.22,-2.90
81.100,38.300,0.0,3.11,-1.17,-2.89
81.400,38.300,0.0,2.70,0.10,-2.70
81.700,38.300,0.0,2.83,0.48,-2.79
82.000,38.300,0.0,2.99,-1.02,-2.81
82.300,38.300,0.0,2.60,-0.54,-2.54
82.600,38.300,0.0,2.92,-0.57,-2.87
82.900,38.300,0.0,2.68,0.61,-2.60
83.200,38.300,0.0,3.42,-0.40,-3.39
83.500,38.300,0.0,3.41,-1.23,-3.18
83.800,38.300,0.0,2.75,0.12,-2.74
84.100,38.300,0.0,2.72,-0.42,-2.69
84.400,38.300,0.0,2.67,-1.23,-2.37
84.700,38.300,0.0,3.12,-1.28,-2.85
85.000,38.300,0.0,2.81,0.81,-2.70
85.300,38.300,0.0,3.21,1.07,-3.02
85.600,38.300,0.0,2.69,0.53,-2.64
85.900,38.300,0.0,2.80,-0.61,-2.73
86.200,38.300,0.0,2.81,0.89,-2.66
86.500,38.300,0.0,3.24,-1.35,-2.95
86.800,38.300,0.0,2.74,-0.18,-2.73
87.100,38.300,0.0,2.78,0.61,-2.71
87.400,38.300,0.0,2.77,0.82,-2.65
87.700,38.300,0.0,3.23,0.22,-3.23
88.000,38.300,0.0,2.58,0.68,-2.48
88.300,38.300,0.0,2.70,-0.80,-2.58
88.600,38.300,0.0,2.52,0.55,-2.46
88.900,38.300,0.0,3.33,1.06,-3.16
89.200,38.300,0.0,3.24,0.61,-3.18
89.500,38.300,0.0,2.53,-0.22,-2.52
89.800,38.300,0.0,3.18,-1.03,-3.01
90.100,38.300,0.0,5.50,-0.23,-5.49
90.400,38.300,0.0,6.28,-0.06,-6.28
90.700,38.300,0.0,5.00,1.94,-4.61
91.000,38.300,0.0,4.92,-1.32,-4.75
91.300,38.300,0.0,5.91,-1.05,-5.82
91.600,38.300,0.0,4.20,-1.18,-4.03
91.900,38.300,0.0,5.01,-1.30,-4.84
92.200,38.300,0.0,4.21,-1.71,-3.85
92.500,38.300,0.0,4.15,0.27,-4.14
92.800,38.300,0.0,4.34,-1.96,-3.87
93.100,38.300,0.0,5.68,1.51,-5.47
93.400,38.300,0.0,5.65,0.74,-5.60
93.700,38.300,0.0,4.79,-2.38,-4.16
94.000,38.300,0.0,4.79,-1.00,-4.68
94.300,38.300,0.0,4.35,-0.78,-4.28
94.600,38.300,0.0,5.72,-0.74,-5.68
94.900,38.300,0.0,5.88,-1.67,-5.64
95.200,38.300,0.0,5.86,-1.06,-5.76
95.500,38.300,0.0,4.63,-1.12,-4.49
95.800,38.300,0.0,4.84,-2.25,-4.29
96.100,38.300,0.0,5.28,-0.39,-5.27
96.400,38.300,0.0,5.33,-2.33,-4.80
96.700,38.300,0.0,4.09,-0.44,-4.07
73.000,38.600,0.0,5.47,0.10,-5.47
73.300,38.600,0.0,3.86,-1.62,-3.50
73.600,38.600,0.0,4.68,-1.52,-4.42
73.900,38.600,0.0,5.33,1.26,-5.18
74.200,38.600,0.0,4.84,-1.92,-4.45
74.500,38.600,0.0,4.89,1.56,-4.63
74.800,38.600,0.0,4.24,-0.58,-4.20
75.100,38.600,0.0,5.46,-0.07,-5.45
75.400,38.600,0.0,5.23,1.13,-5.11
75.700,38.600,0.0,4.38,-1.37,-4.16
76.000,38.600,0.0,4.49,-1.62,-4.19
76.300,38.600,0.0,5.85,-2.77,-5.15
76.600,38.600,0.0,5.44,-2.08,-5.03
76.900,38.600,0.0,5.08,-0.84,-5.01
77.200,38.600,0.0,5.07,1.67,-4.79
77.500,38.600,0.0,5.77,-0.39,-5.76
77.800,38.600,0.0,5.81,0.30,-5.80
78.100,38.600,0.0,2.61,1.28,-2.28
78.400,38.600,0.0,3.47,1.47,-3.14
78.700,38.600,0.0,3.19,1.53,-2.80
79.000,38.600,0.0,2.53,0.73,-2.42
79.300,38.600,0.0,2.83,-1.17,-2.57
79.600,38.600,0.0,2.82,0.31,-2.81
79.900,38.600,0.0,3.17,0.31,-3.16
80.200,38.600,0.0,3.23,-1.02,-3.06
80.500,38.600,0.0,2.50,1.09,-2.25
80.800,38.600,0.0,3.19,0.07,-3.18
81.100,38.600,0.0,3.37,-1.55,-2.99
81.400,38.600,0.0,3.44,0.46,-3.41
81.700,38.600,0.0,3.12,-0.80,-3.02
82.000,38.600,0.0,3.41,-1.27,-3.17
82.300,38.600,0.0,3.35,0.81,-3.25
82.600,38.600,0.0,3.27,-1.10,-3.08
82.900,38.600,0.0,3.11,0.47,-3.08
83.200,38.600,0.0,2.66,-0.42,-2.62
83.500,38.600,0.0,2.65,0.67,-2.56
83.800,38.600,0.0,3.46,-0.71,-3.39
84.100,38.600,0.0,3.22,0.83,-3.11
84.400,38.600,0.0,3.02,-0.89,-2.88
84.700,38.600,0.0,3.22,0.47,-3.19
85.000,38.600,0.0,2.75,0.76,-2.64
85.300,38.600,0.0,3.20,0.80,-3.10
85.600,38.600,0.0,3.50,-0.03,-3.50
85.900,38.600,0.0,3.17,1.07,-2.98
86.200,38.600,0.0,3.06,-1.42,-2.70
86.500,38.600,0.0,3.00,1.36,-2.67
86.800,38.600,0.0,3.31,0.07,-3.31
87.100,38.600,0.0,3.39,-0.18,-3.38
87.400,38.600,0.0,3.44,-0.83,-3.34
87.700,38.600,0.0,3.11,-0.26,-3.10
88.000,38.600,0.0,3.46,-1.22,-3.24
88.300,38.600,0.0,2.58,0.04,-2.58
88.600,38.600,0.0,2.93,0.62,-2.86
88.900,38.600,0.0,3.48,1.30,-3.22
89.200,38.600,0.0,3.24,-0.38,-3.22
89.500,38.600,0.0,2.96,0.86,-2.84
89.800,38.600,0.0,3.14,0.96,-3.00
90.100,38.600,0.0,4.99,-0.41,-4.97
90.400,38.600,0.0,5.51,-2.03,-5.12
90.700,38.600,0.0,5.39,-0.54,-5.36
91.000,38.600,0.0,6.01,-1.90,-5.71
91.300,38.600,0.0,4.99,-1.93,-4.60
91.600,38.600,0.0,5.74,-2.79,-5.02
91.900,38.600,0.0,5.21,-1.11,-5.09
92.200,38.600,0.0,4.79,-1.71,-4.48
92.500,38.600,0.0,5.49,0.75,-5.44
92.800,38.600,0.0,4.93,-1.97,-4.52
93.100,38.600,0.0,5.15,-1.47,-4.93
93.400,38.600,0.0,4.20,1.10,-4.06
93.700,38.600,0.0,4.79,-1.12,-4.66
94.000,38.600,0.0,4.82,0.50,-4.79
94.300,38.600,0.0,5.87,1.01,-5.78
94.600,38.600,0.0,4.69,-0.98,-4.59
94.900,38.600,0.0,3.94,1.74,-3.53
95.200,38.600,0.0,5.31,-2.17,-4.84
95.500,38.600,0.0,5.63,-2.76,-4.91
95.800,38.600,0.0,4.35,-0.73,-4.29
96.100,38.600,0.0,4.76,-2.36,-4.13
96.400,38.600,0.0,4.36,-0.94,-4.26
96.700,38.600,0.0,3.95,-1.60,-3.61
73.000,38.900,0.0,4.16,1.10,-4.01
73.300,38.900,0.0,5.65,-0.54,-5.62
73.600,38.900,0.0,4.05,0.37,-4.03
73.900,38.900,0.0,4.48,0.23,-4.48
74.200,38.900,0.0,4.70,2.33,-4.08
74.500,38.900,0.0,4.09,-0.47,-4.06
74.800,38.900,0.0,5.40,1.34,-5.24
75.100,38.900,0.0,4.48,1.49,-4.23
75.400,38.900,0.0,5.76,2.54,-5.17
75.700,38.900,0.0,4.50,-0.09,-4.49
76.000,38.900,0.0,4.78,1.40,-4.57
76.300,38.900,0.0,4.73,2.07,-4.25
76.600,38.900,0.0,4.51,-1.18,-4.35
76.900,38.900,0.0,4.98,-2.43,-4.35
77.200,38.900,0.0,5.92,-1.53,-5.72
77.500,38.900,0.0,5.03,0.99,-4.93
77.800,38.900,0.0,5.77,0.76,-5.72
78.100,38.900,0.0,3.35,-1.40,-3.04
78.400,38.900,0.0,3.16,0.86,-3.04
78.700,38.900,0.0,3.43,-0.74,-3.35
79.000,38.900,0.0,3.32,0.02,-3.32
79.300,38.900,0.0,2.57,0.90,-2.41
79.600,38.900,0.0,2.74,-0.20,-2.73
79.900,38.900,0.0,2.58,-0.54,-2.52
80.200,38.900,0.0,3.49,-0.07,-3.49
80.500,38.900,0.0,2.72,-0.60,-2.65
80.800,38.900,0.0,2.74,-0.27,-2.72
81.100,38.900,0.0,3.20,0.08,-3.20
81.400,38.900,0.0,2.67,1.20,-2.39
81.700,38.900,0.0,2.90,1.13,-2.67
82.000,38.900,0.0,3.14,0.34,-3.12
82.300,38.900,0.0,2.94,1.30,-2.64
82.600,38.900,0.0,3.48,-0.07,-3.48
82.900,38.900,0.0,2.94,-0.64,-2.87
83.200,38.900,0.0,3.22,1.28,-2.95
83.500,38.900,0.0,2.90,-0.32,-2.88
83.800,38.900,0.0,2.92,-1.32,-2.60
84.100,38.900,0.0,2.51,1.08,-2.27
84.400,38.900,0.0,2.67,-0.27,-2.65
84.700,38.900,0.0,3.36,-1.21,-3.14
85.000,38.900,0.0,2.65,0.89,-2.50
85.300,38.900,0.0,3.11,-1.52,-2.71
85.600,38.900,0.0,3.23,0.80,-3.13
85.900,38.900,0.0,2.89,-0.40,-2.86
86.200,38.900,0.0,2.83,1.17,-2.58
86.500,38.900,0.0,3.27,-0.23,-3.27
86.800,38.900,0.0,3.43,-1.25,-3.20
87.100,38.900,0.0,2.72,0.15,-2.72
87.400,38.900,0.0,3.07,-0.19,-3.07
87.700,38.900,0.0,2.86,0.62,-2.79
88.000,38.900,0.0,2.76,0.10,-2.76
88.300,38.900,0.0,3.31,-1.38,-3.01
88.600,38.900,0.0,3.03,0.01,-3.03
88.900,38.900,0.0,2.91,-0.83,-2.79
89.200,38.900,0.0,3.03,-1.32,-2.73
89.500,38.900,0.0,2.63,-1.14,-2.37
89.800,38.900,0.0,2.93,-1.04,-2.73
90.100,38.900,0.0,5.21,-2.16,-4.74
90.400,38.900,0.0,5.83,2.29,-5.37
90.700,38.900,0.0,5.91,0.97,-5.83
91.000,38.900,0.0,4.48,-1.52,-4.21
91.300,38.900,0.0,5.70,2.17,-5.27
91.600,38.900,0.0,4.89,0.22,-4.88
91.900,38.900,0.0,4.96,0.72,-4.90
92.200,38.900,0.0,5.82,1.27,-5.68
92.500,38.900,0.0,6.02,-0.43,-6.01
92.800,38.900,0.0,5.96,0.70,-5.92
93.100,38.900,0.0,4.68,-2.30,-4.07
93.400,38.900,0.0,5.24,0.75,-5.19
93.700,38.900,0.0,5.97,-1.93,-5.65
94.000,38.900,0.0,5.29,-0.40,-5.28
94.300,38.900,0.0,4.47,-1.91,-4.05
94.600,38.900,0.0,5.07,-0.62,-5.03
94.900,38.900,0.0,3.94,-0.39,-3.92
95.200,38.900,0.0,4.53,-1.75,-4.17
95.500,38.900,0.0,5.44,0.43,-5.42
95.800,38.900,0.0,5.02,0.52,-4.99
96.100,38.900,0.0,4.33,-0.49,-4.31
96.400,38.900,0.0,4.23,-1.76,-3.85
96.700,38.900,0.0,4.50,-0.77,-4.43
73.000,39.200,0.0,4.91,-1.98,-4.50
73.300,39.200,0.0,5.52,1.93,-5.17
73.600,39.200,0.0,5.30,1.52,-5.08
73.900,39.200,0.0,5.47,1.35,-5.30
74.200,39.200,0.0,3.91,-0.27,-3.90
74.500,39.200,0.0,4.82,-1.75,-4.49
74.800,39.200,0.0,4.40,0.31,-4.39
75.100,39.200,0.0,5.94,0.27,-5.93
75.400,39.200,0.0,5.30,1.67,-5.03
75.700,39.200,0.0,5.05,-2.46,-4.42
76.000,39.200,0.0,5.31,0.69,-5.27
76.300,39.200,0.0,5.43,-2.10,-5.01
76.600,39.200,0.0,5.17,2.25,-4.65
76.900,39.200,0.0,6.01,-1.55,-5.81
77.200,39.200,0.0,4.32,-1.06,-4.19
77.500,39.200,0.0,6.01,-2.01,-5.67
77.800,39.200,0.0,6.15,1.05,-6.06
78.100,39.200,0.0,2.81,-0.27,-2.79
78.400,39.200,0.0,2.67,0.17,-2.66
78.700,39.200,0.0,2.92,0.67,-2.84
79.000,39.200,0.0,3.29,1.59,-2.88
79.300,39.200,0.0,3.40,1.33,-3.13
79.600,39.200,0.0,3.09,-1.04,-2.91
79.900,39.200,0.0,2.57,-0.96,-2.38
80.200,39.200,0.0,2.65,-0.68,-2.56
80.500,39.200,0.0,3.48,0.67,-3.42
80.800,39.200,0.0,2.65,-1.31,-2.31
81.100,39.200,0.0,2.80,0.46,-2.76
81.400,39.200,0.0,3.26,-0.96,-3.11
81.700,39.200,0.0,3.10,-1.16,-2.88
82.000,39.200,0.0,2.66,-0.79,-2.54
82.300,39.200,0.0,3.06,-0.10,-3.06
82.600,39.200,0.0,2.62,1.14,-2.35
82.900,39.200,0.0,3.44,0.24,-3.43
83.200,39.200,0.0,2.88,-1.10,-2.66
83.500,39.200,0.0,3.08,0.84,-2.96
83.800,39.200,0.0,2.71,-0.66,-2.63
84.100,39.200,0.0,3.33,-1.24,-3.09
84.400,39.200,0.0,2.76,1.16,-2.51
84.700,39.200,0.0,3.10,-0.49,-3.07
85.000,39.200,0.0,3.26,-1.20,-3.03
85.300,39.200,0.0,2.80,-0.35,-2.77
85.600,39.200,0.0,2.94,0.39,-2.91
85.900,39.200,0.0,2.72,1.26,-2.41
86.200,39.200,0.0,2.79,-0.69,-2.70
86.500,39.200,0.0,3.07,0.62,-3.01
86.800,39.200,0.0,3.11,1.46,-2.74
87.100,39.200,0.0,3.36,-0.31,-3.35
87.400,39.200,0.0,3.40,0.76,-3.31
87.700,39.200,0.0,2.97,-0.92,-2.82
88.000,39.200,0.0,3.18,1.54,-2.78
88.300,39.200,0.0,2.88,0.87,-2.74
88.600,39.200,0.0,2.96,1.42,-2.60
88.900,39.200,0.0,2.92,1.02,-2.74
89.200,39.200,0.0,2.67,0.57,-2.60
89.500,39.200,0.0,2.74,-1.22,-2.45
89.800,39.200,0.0,2.58,-0.27,-2.57
90.100,39.200,0.0,5.15,0.89,-5.07
90.400,39.200,0.0,6.00,2.80,-5.31
90.700,39.200,0.0,5.29,-1.65,-5.02
91.000,39.200,0.0,5.99,1.40,-5.83
91.300,39.200,0.0,4.56,-1.17,-4.41
91.600,39.200,0.0,5.60,0.07,-5.60
91.900,39.200,0.0,5.38,1.47,-5.18
92.200,39.200,0.0,5.44,2.50,-4.83
92.500,39.200,0.0,5.64,2.30,-5.15
92.800,39.200,0.0,4.68,-0.55,-4.65
93.100,39.200,0.0,5.13,1.89,-4.77
93.400,39.200,0.0,4.50,-1.00,-4.38
93.700,39.200,0.0,5.55,1.92,-5.21
94.000,39.200,0.0,4.71,-0.68,-4.66
94.300,39.200,0.0,5.77,-2.48,-5.21
94.600,39.200,0.0,4.35,1.68,-4.02
94.900,39.200,0.0,4.52,-0.30,-4.51
95.200,39.200,0.0,4.21,-0.09,-4.21
95.500,39.200,0.0,5.39,2.35,-4.85
95.800,39.200,0.0,5.26,0.62,-5.22
96.100,39.200,0.0,4.45,-2.22,-3.85
96.400,39.200,0.0,4.29,0.39,-4.28
96.700,39.200,0.0,5.34,-1.37,-5.17
73.000,39.500,0.0,4.74,0.87,-4.65
73.300,39.500,0.0,5.03,-1.92,-4.65
73.600,39.500,0.0,3.81,-1.34,-3.57
73.900,39.500,0.0,5.70,-1.62,-5.47
74.200,39.500,0.0,5.19,-1.49,-4.97
74.500,39.500,0.0,5.25,-1.44,-5.04
74.800,39.500,0.0,4.37,1.66,-4.04
75.100,39.500,0.0,5.25,1.32,-5.08
75.400,39.500,0.0,4.11,-1.95,-3.62
75.700,39.500,0.0,4.10,0.75,-4.04
76.000,39.500,0.0,4.21,0.55,-4.17
76.300,39.500,0.0,5.62,-1.07,-5.51
76.600,39.500,0.0,5.58,-0.20,-5.58
76.900,39.500,0.0,5.80,2.21,-5.36
77.200,39.500,0.0,5.20,-1.39,-5.01
77.500,39.500,0.0,5.81,-2.51,-5.24
77.800,39.500,0.0,4.60,-0.38,-4.58
78.100,39.500,0.0,3.44,1.48,-3.10
78.400,39.500,0.0,3.02,0.59,-2.96
78.700,39.500,0.0,3.17,-0.68,-3.10
79.000,39.500,0.0,2.81,0.02,-2.81
79.300,39.500,0.0,2.80,-0.92,-2.64
79.600,39.500,0.0,2.57,0.64,-2.49
79.900,39.500,0.0,3.35,0.27,-3.34
80.200,39.500,0.0,3.36,0.37,-3.34
80.500,39.500,0.0,2.62,-1.27,-2.30
80.800,39.500,0.0,2.68,0.11,-2.67
81.100,39.500,0.0,2.99,-0.68,-2.91
81.400,39.500,0.0,3.18,0.82,-3.07
81.700,39.500,0.0,3.00,0.09,-3.00
82.000,39.500,0.0,3.29,1.61,-2.87
82.300,39.500,0.0,3.26,-0.61,-3.20
82.600,39.500,0.0,2.77,0.72,-2.68
82.900,39.500,0.0,3.40,0.90,-3.28
83.200,39.500,0.0,2.51,-0.03,-2.51
83.500,39.500,0.0,3.38,-1.06,-3.21
83.800,39.500,0.0,2.96,-1.01,-2.79
84.100,39.500,0.0,2.98,-0.65,-2.91
84.400,39.500,0.0,2.60,1.16,-2.33
84.700,39.500,0.0,3.04,-0.90,-2.90
85.000,39.500,0.0,3.16,0.86,-3.04
85.300,39.500,0.0,3.29,1.52,-2.92
85.600,39.500,0.0,2.77,0.72,-2.68
85.900,39.500,0.0,3.37,-0.27,-3.36
86.200,39.500,0.0,2.85,-1.14,-2.61
86.500,39.500,0.0,2.62,-0.71,-2.52
86.800,39.500,0.0,3.00,-0.70,-2.92
87.100,39.500,0.0,3.17,0.40,-3.14
87.400,39.500,0.0,3.22,1.07,-3.03
87.700,39.500,0.0,3.21,1.03,-3.04
88.000,39.500,0.0,3.40,-0.96,-3.26
88.300,39.500,0.0,2.58,0.00,-2.58
88.600,39.500,0.0,3.30,-0.13,-3.30
88.900,39.500,0.0,3.09,0.65,-3.02
89.200,39.500,0.0,2.63,-0.15,-2.62
89.500,39.500,0.0,3.28,0.73,-3.20
89.800,39.500,0.0,3.45,1.10,-3.27
90.100,39.500,0.0,4.51,-1.56,-4.23
90.400,39.500,0.0,5.14,-1.86,-4.79
90.700,39.500,0.0,6.30,-1.16,-6.19
91.000,39.500,0.0,5.93,1.16,-5.81
91.300,39.500,0.0,5.16,1.73,-4.86
91.600,39.500,0.0,5.72,1.65,-5.48
91.900,39.500,0.0,5.34,-0.15,-5.33
92.200,39.500,0.0,5.12,0.73,-5.07
92.500,39.500,0.0,5.93,0.85,-5.87
92.800,39.500,0.0,5.84,0.88,-5.77
93.100,39.500,0.0,5.76,-1.12,-5.65
93.400,39.500,0.0,5.61,-2.40,-5.08
93.700,39.500,0.0,5.10,2.33,-4.54
94.000,39.500,0.0,4.28,-0.19,-4.28
94.300,39.500,0.0,5.01,-2.38,-4.41
94.600,39.500,0.0,5.52,-1.46,-5.33
94.900,39.500,0.0,5.61,2.23,-5.15
95.200,39.500,0.0,5.45,-2.26,-4.96
95.500,39.500,0.0,4.08,1.73,-3.70
95.800,39.500,0.0,4.91,-1.04,-4.80
96.100,39.500,0.0,5.02,0.37,-5.01
96.400,39.500,0.0,5.28,0.96,-5.19
96.700,39.500,0.0,4.80,-1.40,-4.59
73.000,39.800,0.0,5.23,-2.40,-4.65
73.300,39.800,0.0,5.06,-2.10,-4.61
73.600,39.800,0.0,4.08,0.43,-4.05
73.900,39.800,0.0,4.65,2.15,-4.13
74.200,39.800,0.0,4.65,-0.78,-4.58
74.500,39.800,0.0,4.43,1.78,-4.05
74.800,39.800,0.0,4.32,-1.79,-3.93
75.100,39.800,0.0,5.60,-2.09,-5.19
75.400,39.800,0.0,4.96,-0.58,-4.93
75.700,39.800,0.0,5.90,-2.85,-5.16
76.000,39.800,0.0,5.77,-2.62,-5.14
76.300,39.800,0.0,4.80,1.28,-4.63
76.600,39.800,0.0,5.74,0.08,-5.74
76.900,39.800,0.0,4.81,-0.34,-4.79
77.200,39.800,0.0,5.10,0.53,-5.08
77.500,39.800,0.0,4.32,-1.80,-3.92
77.800,39.800,0.0,4.24,1.84,-3.83
78.100,39.800,0.0,2.82,-0.53,-2.77
78.400,39.800,0.0,3.37,-0.28,-3.36
78.700,39.800,0.0,2.71,-0.93,-2.54
79.000,39.800,0.0,2.72,0.08,-2.72
79.300,39.800,0.0,2.87,-1.40,-2.50
79.600,39.800,0.0,3.20,1.46,-2.85
79.900,39.800,0.0,2.92,-0.86,-2.80
80.200,39.800,0.0,3.06,-1.14,-2.84
80.500,39.800,0.0,2.83,0.73,-2.74
80.800,39.800,0.0,3.18,-0.02,-3.18
81.100,39.800,0.0,2.96,0.88,-2.83
81.400,39.800,0.0,2.53,-1.24,-2.20
81.700,39.800,0.0,3.03,-0.07,-3.03
82.000,39.800,0.0,2.53,1.14,-2.26
82.300,39.800,0.0,3.38,1.01,-3.22
82.600,39.800,0.0,3.47,-1.16,-3.27
82.900,39.800,0.0,2.93,-0.87,-2.79
83.200,39.800,0.0,2.86,0.54,-2.81
83.500,39.800,0.0,2.74,0.27,-2.72
83.800,39.800,0.0,2.56,1.24,-2.24
84.100,39.800,0.0,3.20,-1.41,-2.88
84.400,39.800,0.0,3.05,-1.41,-2.70
84.700,39.800,0.0,2.66,0.00,-2.66
85.000,39.800,0.0,2.96,0.96,-2.80
85.300,39.800,0.0,2.67,-0.19,-2.67
85.600,39.800,0.0,2.83,1.39,-2.47
85.900,39.800,0.0,3.24,1.00,-3.08
86.200,39.800,0.0,2.85,0.74,-2.75
86.500,39.800,0.0,3.01,-1.11,-2.80
86.800,39.800,0.0,2.59,-0.79,-2.47
87.100,39.800,0.0,3.47,1.09,-3.29
87.400,39.800,0.0,2.60,0.83,-2.46
87.700,39.800,0.0,3.25,-0.46,-3.21
88.000,39.800,0.0,2.55,-0.86,-2.41
88.300,39.800,0.0,2.95,0.56,-2.90
88.600,39.800,0.0,2.68,0.67,-2.59
88.900,39.800,0.0,2.58,1.29,-2.23
89.200,39.800,0.0,3.04,-0.52,-2.99
89.500,39.800,0.0,3.09,0.49,-3.05
89.800,39.800,0.0,2.83,-0.64,-2.76
90.100,39.800,0.0,5.68,-1.09,-5.58
90.400,39.800,0.0,5.66,-0.78,-5.61
90.700,39.800,0.0,4.52,1.94,-4.08
91.000,39.800,0.0,6.09,-2.82,-5.39
91.300,39.800,0.0,5.96,-2.90,-5.20
91.600,39.800,0.0,5.43,1.59,-5.19
91.900,39.800,0.0,4.76,-0.14,-4.76
92.200,39.800,0.0,5.30,0.13,-5.30
92.500,39.800,0.0,6.08,-1.27,-5.94
92.800,39.800,0.0,4.26,-1.31,-4.05
93.100,39.800,0.0,4.50,-0.91,-4.41
93.400,39.800,0.0,4.97,-0.10,-4.97
93.700,39.800,0.0,4.72,1.23,-4.56
94.000,39.800,0.0,4.60,-1.61,-4.31
94.300,39.800,0.0,6.00,2.63,-5.39
94.600,39.800,0.0,4.60,-0.80,-4.53
94.900,39.800,0.0,5.30,-2.26,-4.80
95.200,39.800,0.0,4.21,1.76,-3.82
95.500,39.800,0.0,4.72,-1.57,-4.45
95.800,39.800,0.0,5.62,-2.03,-5.24
96.100,39.800,0.0,4.58,-0.83,-4.50
96.400,39.800,0.0,5.80,2.06,-5.42
96.700,39.800,0.0,5.28,1.44,-5.08
73.000,40.100,0.0,4.10,1.49,-3.82
73.300,40.100,0.0,4.99,-1.17,-4.85
73.600,40.100,0.0,4.44,1.62,-4.13
73.900,40.100,0.0,4.18,0.02,-4.18
74.200,40.100,0.0,5.63,0.74,-5.58
74.500,40.100,0.0,4.79,1.19,-4.64
74.800,40.100,0.0,4.21,1.42,-3.96
75.100,40.100,0.0,4.07,-0.89,-3.97
75.400,40.100,0.0,5.21,-0.80,-5.15
75.700,40.100,0.0,5.14,-2.35,-4.57
76.000,40.100,0.0,5.26,1.39,-5.08
76.300,40.100,0.0,5.67,2.77,-4.95
76.600,40.100,0.0,5.51,-1.88,-5.18
76.900,40.100,0.0,5.55,-0.39,-5.54
77.200,40.100,0.0,4.55,-1.23,-4.38
77.500,40.100,0.0,5.26,-1.09,-5.14
77.800,40.100,0.0,5.90,2.80,-5.19
78.100,40.100,0.0,5.41,2.37,-4.86
78.400,40.100,0.0,2.95,0.75,-2.85
78.700,40.100,0.0,2.66,1.31,-2.32
79.000,40.100,0.0,3.15,-0.72,-3.07
79.300,40.100,0.0,3.02,-0.82,-2.91
79.600,40.100,0.0,3.08,0.66,-3.01
79.900,40.100,0.0,2.53,0.76,-2.41
80.200,40.100,0.0,2.53,-0.77,-2.40
80.500,40.100,0.0,2.60,-0.15,-2.60
80.800,40.100,0.0,2.84,0.44,-2.81
81.100,40.100,0.0,3.26,-1.58,-2.85
81.400,40.100,0.0,3.37,-0.36,-3.35
81.700,40.100,0.0,2.91,0.33,-2.89
82.000,40.100,0.0,3.06,0.58,-3.00
82.300,40.100,0.0,3.07,0.55,-3.03
82.600,40.100,0.0,2.79,0.36,-2.77
82.900,40.100,0.0,3.32,0.92,-3.19
83.200,40.100,0.0,2.87,-0.66,-2.79
83.500,40.100,0.0,3.43,0.41,-3.40
83.800,40.100,0.0,3.31,-0.85,-3.19
84.100,40.100,0.0,2.85,1.34,-2.51
84.400,40.100,0.0,2.91,1.33,-2.59
84.700,40.100,0.0,3.41,0.61,-3.35
85.000,40.100,0.0,2.67,-0.60,-2.60
85.300,40.100,0.0,3.43,-0.91,-3.31
85.600,40.100,0.0,2.53,1.12,-2.27
85.900,40.100,0.0,3.25,-0.97,-3.10
86.200,40.100,0.0,2.57,1.26,-2.24
86.500,40.100,0.0,2.58,-1.09,-2.34
86.800,40.100,0.0,3.26,0.25,-3.25
87.100,40.100,0.0,2.70,-0.35,-2.68
87.400,40.100,0.0,3.38,-0.81,-3.28
87.700,40.100,0.0,2.62,1.08,-2.39
88.000,40.100,0.0,2.52,-0.09,-2.52
88.300,40.100,0.0,3.01,0.65,-2.94
88.600,40.100,0.0,3.39,1.17,-3.18
88.900,40.100,0.0,3.30,0.88,-3.18
89.200,40.100,0.0,2.68,1.04,-2.47
89.500,40.100,0.0,3.46,1.64,-3.04
89.800,40.100,0.0,3.06,-0.04,-3.06
90.100,40.100,0.0,5.13,-0.14,-5.13
90.400,40.100,0.0,5.45,0.99,-5.35
90.700,40.100,0.0,5.56,-2.07,-5.16
91.000,40.100,0.0,5.24,2.54,-4.58
91.300,40.100,0.0,4.85,-0.15,-4.85
91.600,40.100,0.0,6.24,-2.10,-5.87
91.900,40.100,0.0,4.83,-0.20,-4.83
92.200,40.100,0.0,6.07,0.35,-6.06
92.500,40.100,0.0,4.33,1.21,-4.16
92.800,40.100,0.0,5.09,0.68,-5.04
93.100,40.100,0.0,5.22,0.22,-5.21
93.400,40.100,0.0,5.21,-2.12,-4.76
93.700,40.100,0.0,5.18,-2.20,-4.69
94.000,40.100,0.0,4.24,-1.11,-4.09
94.300,40.100,0.0,4.06,0.60,-4.01
94.600,40.100,0.0,5.94,-1.42,-5.77
94.900,40.100,0.0,4.81,-0.42,-4.79
95.200,40.100,0.0,4.08,-1.39,-3.83
95.500,40.100,0.0,5.76,-2.71,-5.09
95.800,40.100,0.0,5.81,-2.41,-5.29
96.100,40.100,0.0,5.11,-0.91,-5.02
96.400,40.100,0.0,4.74,-1.79,-4.39
96.700,40.100,0.0,4.80,-1.52,-4.55
73.000,40.400,0.0,3.80,-0.85,-3.70
73.300,40.400,0.0,4.56,-0.86,-4.48
73.600,40.400,0.0,4.79,-1.28,-4.61
73.900,40.400,0.0,5.65,0.23,-5.64
74.200,40.400,0.0,5.88,-1.26,-5.74
74.500,40.400,0.0,4.40,0.28,-4.39
74.800,40.400,0.0,4.98,2.39,-4.37
75.100,40.400,0.0,4.20,0.39,-4.18
75.400,40.400,0.0,5.19,-2.30,-4.66
75.700,40.400,0.0,4.22,0.09,-4.22
76.000,40.400,0.0,5.51,-2.02,-5.13
76.300,40.400,0.0,6.00,0.43,-5.98
76.600,40.400,0.0,5.34,-0.44,-5.33
76.900,40.400,0.0,4.66,0.66,-4.62
77.200,40.400,0.0,4.33,0.65,-4.28
77.500,40.400,0.0,6.12,-2.58,-5.55
77.800,40.400,0.0,4.66,0.58,-4.63
78.100,40.400,0.0,5.28,-1.44,-5.08
78.400,40.400,0.0,3.49,-1.24,-3.27
78.700,40.400,0.0,3.43,0.87,-3.31
79.000,40.400,0.0,2.89,1.18,-2.64
79.300,40.400,0.0,3.10,1.16,-2.87
79.600,40.400,0.0,3.11,-0.60,-3.06
79.900,40.400,0.0,3.35,0.43,-3.32
80.200,40.400,0.0,3.06,0.98,-2.90
80.500,40.400,0.0,3.43,1.07,-3.26
80.800,40.400,0.0,3.22,0.83,-3.11
81.100,40.400,0.0,2.63,0.21,-2.63
81.400,40.400,0.0,2.59,-0.38,-2.56
81.700,40.400,0.0,2.63,-1.07,-2.40
82.000,40.400,0.0,3.44,-1.39,-3.15
82.300,40.400,0.0,3.08,1.35,-2.76
82.600,40.400,0.0,2.67,0.25,-2.66
82.900,40.400,0.0,3.20,-0.52,-3.16
83.200,40.400,0.0,3.04,0.18,-3.03
83.500,40.400,0.0,3.38,1.34,-3.11
83.800,40.400,0.0,2.90,-0.26,-2.89
84.100,40.400,0.0,2.88,1.35,-2.54
84.400,40.400,0.0,3.11,0.72,-3.02
84.700,40.400,0.0,2.57,0.49,-2.52
85.000,40.400,0.0,3.45,-0.81,-3.35
85.300,40.400,0.0,2.61,1.27,-2.28
85.600,40.400,0.0,3.22,-0.60,-3.16
85.900,40.400,0.0,2.66,-0.52,-2.60
86.200,40.400,0.0,2.80,-0.66,-2.72
86.500,40.400,0.0,3.32,-0.29,-3.31
86.800,40.400,0.0,2.74,1.35,-2.38
87.100,40.400,0.0,3.16,-0.28,-3.14
87.400,40.400,0.0,3.38,1.53,-3.02
87.700,40.400,0.0,2.71,-1.27,-2.40
88.000,40.400,0.0,3.01,0.21,-3.00
88.300,40.400,0.0,2.94,-0.52,-2.89
88.600,40.400,0.0,2.76,-1.16,-2.50
88.900,40.400,0.0,3.23,-1.17,-3.01
89.200,40.400,0.0,2.62,-0.54,-2.56
89.500,40.400,0.0,3.11,-0.99,-2.95
89.800,40.400,0.0,2.80,0.52,-2.75
90.100,40.400,0.0,4.69,1.31,-4.50
90.400,40.400,0.0,5.06,1.22,-4.91
90.700,40.400,0.0,5.28,0.84,-5.22
91.000,40.400,0.0,4.46,-0.68,-4.41
91.300,40.400,0.0,4.55,0.56,-4.52
91.600,40.400,0.0,4.50,1.44,-4.27
91.900,40.400,0.0,5.03,2.47,-4.38
92.200,40.400,0.0,6.22,1.84,-5.94
92.500,40.400,0.0,5.34,-1.90,-5.00
92.800,40.400,0.0,5.63,1.97,-5.28
93.100,40.400,0.0,4.41,1.95,-3.96
93.400,40.400,0.0,5.89,-0.03,-5.89
93.700,40.400,0.0,4.94,1.32,-4.76
94.000,40.400,0.0,6.06,-1.73,-5.81
94.300,40.400,0.0,5.04,1.46,-4.82
94.600,40.400,0.0,5.25,0.06,-5.25
94.900,40.400,0.0,5.89,0.38,-5.87
95.200,40.400,0.0,5.37,-0.38,-5.36
95.500,40.400,0.0,5.29,1.36,-5.11
95.800,40.400,0.0,5.73,-2.02,-5.36
96.100,40.400,0.0,4.29,-1.26,-4.10
96.400,40.400,0.0,4.14,-1.82,-3.72
96.700,40.400,0.0,5.75,-2.42,-5.21
73.000,40.700,0.0,5.73,2.48,-5.16
73.300,40.700,0.0,4.38,-0.80,-4.31
73.600,40.700,0.0,4.19,-0.36,-4.17
73.900,40.700,0.0,4.85,1.98,-4.43
74.200,40.700,0.0,5.42,0.70,-5.38
74.500,40.700,0.0,4.55,-1.55,-4.28
74.800,40.700,0.0,4.97,-1.72,-4.67
75.100,40.700,0.0,5.56,2.57,-4.93
75.400,40.700,0.0,5.39,-2.21,-4.92
75.700,40.700,0.0,5.66,0.07,-5.66
76.000,40.700,0.0,4.46,-1.81,-4.07
76.300,40.700,0.0,4.89,-1.19,-4.74
76.600,40.700,0.0,5.16,-2.18,-4.68
76.900,40.700,0.0,5.71,-1.84,-5.40
77.200,40.700,0.0,5.50,-1.60,-5.27
77.500,40.700,0.0,4.56,0.34,-4.54
77.800,40.700,0.0,4.46,0.68,-4.41
78.100,40.700,0.0,5.00,-0.41,-4.98
78.400,40.700,0.0,3.13,-0.88,-3.01
78.700,40.700,0.0,2.57,-0.07,-2.57
79.000,40.700,0.0,3.36,-1.15,-3.16
79.300,40.700,0.0,2.75,-0.18,-2.74
79.600,40.700,0.0,3.00,-0.02,-3.00
79.900,40.700,0.0,2.67,-0.19,-2.66
80.200,40.700,0.0,3.32,0.33,-3.30
80.500,40.700,0.0,3.26,-1.45,-2.91
80.800,40.700,0.0,3.21,1.23,-2.97
81.100,40.700,0.0,3.44,-0.28,-3.43
81.400,40.700,0.0,3.41,-0.74,-3.33
81.700,40.700,0.0,3.11,0.66,-3.04
82.000,40.700,0.0,2.81,0.91,-2.66
82.300,40.700,0.0,3.00,1.39,-2.66
82.600,40.700,0.0,3.35,1.51,-2.99
82.900,40.700,0.0,2.70,-1.25,-2.40
83.200,40.700,0.0,2.72,0.79,-2.60
83.500,40.700,0.0,3.29,1.13,-3.09
83.800,40.700,0.0,2.55,0.95,-2.36
84.100,40.700,0.0,3.11,-1.15,-2.89
84.400,40.700,0.0,2.76,-0.17,-2.76
84.700,40.700,0.0,2.98,1.46,-2.60
85.000,40.700,0.0,3.32,0.35,-3.31
85.300,40.700,0.0,2.95,0.08,-2.95
85.600,40.700,0.0,2.51,-1.06,-2.28
85.900,40.700,0.0,3.01,0.60,-2.95
86.200,40.700,0.0,3.34,0.80,-3.25
86.500,40.700,0.0,3.02,-0.57,-2.97
86.800,40.700,0.0,2.58,0.06,-2.58
87.100,40.700,0.0,2.98,-0.10,-2.98
87.400,40.700,0.0,3.21,-0.12,-3.20
87.700,40.700,0.0,3.29,-0.44,-3.26
88.000,40.700,0.0,3.01,0.63,-2.94
88.300,40.700,0.0,3.05,0.94,-2.90
88.600,40.700,0.0,2.75,0.89,-2.60
88.900,40.700,0.0,3.35,1.00,-3.20
89.200,40.700,0.0,3.20,0.78,-3.10
89.500,40.700,0.0,2.63,0.35,-2.61
89.800,40.700,0.0,6.32,1.56,-6.13
90.100,40.700,0.0,4.70,0.76,-4.63
90.400,40.700,0.0,5.69,1.55,-5.47
90.700,40.700,0.0,4.39,-1.82,-4.00
91.000,40.700,0.0,5.60,-1.81,-5.30
91.300,40.700,0.0,5.95,-1.01,-5.86
91.600,40.700,0.0,5.32,1.40,-5.13
91.900,40.700,0.0,5.14,-2.23,-4.63
92.200,40.700,0.0,6.02,1.03,-5.93
92.500,40.700,0.0,4.90,-1.60,-4.63
92.800,40.700,0.0,4.65,1.69,-4.34
93.100,40.700,0.0,4.34,0.48,-4.31
93.400,40.700,0.0,5.11,1.98,-4.72
93.700,40.700,0.0,6.06,2.18,-5.66
94.000,40.700,0.0,5.72,1.63,-5.49
94.300,40.700,0.0,4.75,1.80,-4.40
94.600,40.700,0.0,5.51,0.69,-5.47
94.900,40.700,0.0,5.43,1.67,-5.17
95.200,40.700,0.0,5.06,0.71,-5.01
95.500,40.700,0.0,4.89,-0.80,-4.82
95.800,40.700,0.0,5.30,0.54,-5.27
96.100,40.700,0.0,4.91,-1.49,-4.68
96.400,40.700,0.0,4.23,1.95,-3.76
96.700,40.700,0.0,4.33,-1.23,-4.15
73.000,41.000,0.0,4.94,1.32,-4.76
73.300,41.000,0.0,5.08,-0.87,-5.00
73.600,41.000,0.0,4.32,-0.10,-4.31
73.900,41.000,0.0,4.36,-0.99,-4.24
74.200,41.000,0.0,4.42,-1.74,-4.07
74.500,41.000,0.0,5.26,0.99,-5.16
74.800,41.000,0.0,5.38,-2.21,-4.90
75.100,41.000,0.0,4.24,1.33,-4.03
75.400,41.000,0.0,4.17,-0.05,-4.17
75.700,41.000,0.0,5.24,1.62,-4.98
76.000,41.000,0.0,5.93,1.11,-5.82
76.300,41.000,0.0,5.98,-2.54,-5.42
76.600,41.000,0.0,4.95,-0.78,-4.89
76.900,41.000,0.0,5.61,-2.03,-5.23
77.200,41.000,0.0,5.26,-1.25,-5.11
77.500,41.000,0.0,5.25,1.10,-5.14
77.800,41.000,0.0,4.59,-0.80,-4.52
78.100,41.000,0.0,4.99,-0.25,-4.98
78.400,41.000,0.0,3.04,0.80,-2.93
78.700,41.000,0.0,2.69,1.21,-2.41
79.000,41.000,0.0,3.21,0.61,-3.15
79.300,41.000,0.0,2.98,-1.00,-2.80
79.600,41.000,0.0,3.17,-0.98,-3.02
79.900,41.000,0.0,3.43,-1.52,-3.08
80.200,41.000,0.0,3.30,1.15,-3.09
80.500,41.000,0.0,2.96,0.53,-2.91
80.800,41.000,0.0,2.76,0.49,-2.72
81.100,41.000,0.0,3.13,0.05,-3.13
81.400,41.000,0.0,2.89,1.15,-2.65
81.700,41.000,0.0,2.90,1.33,-2.58
82.000,41.000,0.0,2.88,0.32,-2.87
82.300,41.000,0.0,3.43,0.72,-3.36
82.600,41.000,0.0,3.35,0.38,-3.32
82.900,41.000,0.0,3.20,0.60,-3.14
83.200,41.000,0.0,3.38,-0.90,-3.25
83.500,41.000,0.0,2.68,-0.27,-2.67
83.800,41.000,0.0,2.56,0.08,-2.56
84.100,41.000,0.0,2.83,-1.10,-2.60
84.400,41.000,0.0,2.93,-0.19,-2.92
84.700,41.000,0.0,3.26,1.52,-2.89
85.000,41.000,0.0,2.86,-0.56,-2.80
85.300,41.000,0.0,2.89,-0.56,-2.83
85.600,41.000,0.0,2.95,-0.80,-2.84
85.900,41.000,0.0,3.37,-0.38,-3.35
86.200,41.000,0.0,3.02,0.64,-2.95
86.500,41.000,0.0,3.34,-1.14,-3.14
86.800,41.000,0.0,2.50,-1.00,-2.29
87.100,41.000,0.0,2.64,1.03,-2.43
87.400,41.000,0.0,3.18,0.57,-3.13
87.700,41.000,0.0,2.79,1.07,-2.58
88.000,41.000,0.0,2.52,0.44,-2.48
88.300,41.000,0.0,3.11,0.40,-3.09
88.600,41.000,0.0,2.61,-0.33,-2.59
88.900,41.000,0.0,3.50,-0.99,-3.35
89.200,41.000,0.0,3.34,1.41,-3.03
89.500,41.000,0.0,3.35,-0.33,-3.33
89.800,41.000,0.0,5.98,1.56,-5.78
90.100,41.000,0.0,6.28,2.13,-5.90
90.400,41.000,0.0,4.52,1.75,-4.17
90.700,41.000,0.0,4.84,2.02,-4.40
91.000,41.000,0.0,5.71,-1.30,-5.56
91.300,41.000,0.0,5.75,2.70,-5.08
91.600,41.000,0.0,6.15,-1.25,-6.02
91.900,41.000,0.0,5.03,0.13,-5.03
92.200,41.000,0.0,4.76,-1.34,-4.57
92.500,41.000,0.0,4.82,-1.28,-4.65
92.800,41.000,0.0,5.57,-1.45,-5.38
93.100,41.000,0.0,5.76,-0.03,-5.76
93.400,41.000,0.0,5.05,1.22,-4.90
93.700,41.000,0.0,4.37,0.35,-4.35
94.000,41.000,0.0,4.73,-0.93,-4.64
94.300,41.000,0.0,5.44,2.49,-4.83
94.600,41.000,0.0,4.15,1.33,-3.94
94.900,41.000,0.0,5.03,-2.08,-4.58
95.200,41.000,0.0,5.21,1.71,-4.92
95.500,41.000,0.0,5.86,1.20,-5.74
95.800,41.000,0.0,3.99,-0.64,-3.94
96.100,41.000,0.0,5.66,0.53,-5.63
96.400,41.000,0.0,5.75,2.51,-5.18
96.700,41.000,0.0,4.61,0.13,-4.61
73.000,41.300,0.0,3.92,-1.74,-3.51
73.300,41.300,0.0,5.09,0.24,-5.08
73.600,41.300,0.0,5.65,-2.11,-5.24
73.900,41.300,0.0,5.74,-2.36,-5.23
74.200,41.300,0.0,4.29,-1.59,-3.99
74.500,41.300,0.0,5.59,-2.69,-4.90
74.800,41.300,0.0,5.19,-1.61,-4.93
75.100,41.300,0.0,4.81,-1.35,-4.61
75.400,41.300,0.0,4.88,-0.94,-4.79
75.700,41.300,0.0,5.33,2.42,-4.75
76.000,41.300,0.0,5.60,-1.07,-5.49
76.300,41.300,0.0,5.16,-2.13,-4.70
76.600,41.300,0.0,4.37,0.95,-4.26
76.900,41.300,0.0,4.59,1.44,-4.36
77.200,41.300,0.0,4.68,0.44,-4.66
77.500,41.300,0.0,5.29,1.53,-5.06
77.800,41.300,0.0,5.44,-0.06,-5.44
78.100,41.300,0.0,5.73,2.42,-5.20
78.400,41.300,0.0,5.63,2.76,-4.91
78.700,41.300,0.0,3.28,-0.06,-3.28
79.000,41.300,0.0,3.22,1.52,-2.84
79.300,41.300,0.0,2.96,1.25,-2.68
79.600,41.300,0.0,3.43,-0.95,-3.29
79.900,41.300,0.0,2.79,-0.53,-2.74
80.200,41.300,0.0,2.56,-0.14,-2.56
80.500,41.300,0.0,2.67,1.01,-2.47
80.800,41.300,0.0,2.64,0.22,-2.64
81.100,41.300,0.0,2.99,-0.24,-2.98
81.400,41.300,0.0,3.34,0.76,-3.25
81.700,41.300,0.0,3.22,0.78,-3.12
82.000,41.300,0.0,2.86,-0.87,-2.73
82.300,41.300,0.0,3.26,-0.15,-3.25
82.600,41.300,0.0,3.06,0.45,-3.02
82.900,41.300,0.0,3.34,-1.60,-2.93
83.200,41.300,0.0,2.93,-0.39,-2.90
83.500,41.300,0.0,3.09,0.04,-3.09
83.800,41.300,0.0,3.12,-1.31,-2.83
84.100,41.300,0.0,3.05,-1.21,-2.80
84.400,41.300,0.0,3.29,0.34,-3.27
84.700,41.300,0.0,3.38,-0.71,-3.30
85.000,41.300,0.0,3.17,1.53,-2.77
85.300,41.300,0.0,2.66,0.06,-2.66
85.600,41.300,0.0,3.45,0.68,-3.38
85.900,41.300,0.0,3.42,1.42,-3.11
86.200,41.300,0.0,2.99,1.07,-2.80
86.500,41.300,0.0,2.97,-0.74,-2.88
86.800,41.300,0.0,2.53,0.75,-2.41
87.100,41.300,0.0,3.22,0.21,-3.21
87.400,41.300,0.0,2.65,0.05,-2.65
87.700,41.300,0.0,2.77,-1.35,-2.42
88.000,41.300,0.0,2.98,1.25,-2.70
88.300,41.300,0.0,9.49,-0.76,-9.46
88.600,41.300,0.0,10.61,4.06,-9.80
88.900,41.300,0.0,10.17,0.94,-10.13
89.200,41.300,0.0,9.58,1.54,-9.46
89.500,41.300,0.0,9.09,3.41,-8.43
89.800,41.300,0.0,9.75,-2.48,-9.42
90.100,41.300,0.0,10.86,2.27,-10.62
90.400,41.300,0.0,9.71,4.53,-8.59
90.700,41.300,0.0,10.50,2.75,-10.14
91.000,41.300,0.0,10.88,0.57,-10.86
91.300,41.300,0.0,9.44,1.63,-9.30
91.600,41.300,0.0,9.35,2.36,-9.05
91.900,41.300,0.0,9.38,-2.87,-8.93
92.200,41.300,0.0,10.63,2.72,-10.28
92.500,41.300,0.0,10.10,-3.39,-9.51
92.800,41.300,0.0,9.50,2.71,-9.10
93.100,41.300,0.0,5.09,0.05,-5.09
93.400,41.300,0.0,5.31,-1.67,-5.04
93.700,41.300,0.0,4.49,1.91,-4.06
94.000,41.300,0.0,4.32,1.57,-4.02
94.300,41.300,0.0,4.28,-0.37,-4.26
94.600,41.300,0.0,4.35,1.84,-3.94
94.900,41.300,0.0,4.31,1.60,-4.00
95.200,41.300,0.0,5.91,2.57,-5.32
95.500,41.300,0.0,5.83,-1.45,-5.64
95.800,41.300,0.0,4.27,2.11,-3.72
96.100,41.300,0.0,4.98,1.45,-4.76
96.400,41.300,0.0,4.79,-1.55,-4.54
96.700,41.300,0.0,5.53,1.13,-5.41
73.000,41.600,0.0,4.24,1.76,-3.85
73.300,41.600,0.0,5.57,-0.09,-5.57
73.600,41.600,0.0,4.40,-1.40,-4.18
73.900,41.600,0.0,4.56,2.03,-4.09
74.200,41.600,0.0,4.87,0.62,-4.83
74.500,41.600,0.0,5.86,1.20,-5.73
74.800,41.600,0.0,4.88,0.05,-4.88
75.100,41.600,0.0,4.30,1.83,-3.88
75.400,41.600,0.0,5.37,-1.69,-5.09
75.700,41.600,0.0,4.69,0.97,-4.59
76.000,41.600,0.0,5.76,-1.63,-5.53
76.300,41.600,0.0,4.34,-1.53,-4.06
76.600,41.600,0.0,4.25,1.86,-3.82
76.900,41.600,0.0,5.71,-1.05,-5.61
77.200,41.600,0.0,4.78,-0.17,-4.78
77.500,41.600,0.0,4.52,-2.11,-3.99
77.800,41.600,0.0,5.88,-1.13,-5.77
78.100,41.600,0.0,4.45,-1.72,-4.10
78.400,41.600,0.0,4.83,0.25,-4.83
78.700,41.600,0.0,2.80,-1.15,-2.55
79.000,41.600,0.0,2.97,-0.82,-2.85
79.300,41.600,0.0,3.14,-0.63,-3.08
79.600,41.600,0.0,2.94,0.68,-2.86
79.900,41.600,0.0,3.20,1.58,-2.79
80.200,41.600,0.0,2.83,-0.50,-2.78
80.500,41.600,0.0,3.50,-1.38,-3.22
80.800,41.600,0.0,3.45,1.32,-3.19
81.100,41.600,0.0,2.74,0.25,-2.73
81.400,41.600,0.0,3.50,0.76,-3.41
81.700,41.600,0.0,2.85,-0.86,-2.72
82.000,41.600,0.0,2.82,-0.15,-2.82
82.300,41.600,0.0,3.39,-1.27,-3.14
82.600,41.600,0.0,2.58,0.85,-2.44
82.900,41.600,0.0,2.69,-0.29,-2.67
83.200,41.600,0.0,2.54,1.27,-2.20
83.500,41.600,0.0,3.06,-1.39,-2.73
83.800,41.600,0.0,3.37,-0.05,-3.37
84.100,41.600,0.0,2.52,-0.93,-2.35
84.400,41.600,0.0,2.64,0.94,-2.46
84.700,41.600,0.0,3.16,-0.97,-3.01
85.000,41.600,0.0,3.18,-1.29,-2.90
85.300,41.600,0.0,3.46,0.31,-3.45
85.600,41.600,0.0,2.62,-0.53,-2.57
85.900,41.600,0.0,3.49,-0.19,-3.48
86.200,41.600,0.0,3.23,0.45,-3.20
86.500,41.600,0.0,2.79,1.31,-2.46
86.800,41.600,0.0,3.30,-1.34,-3.02
87.100,41.600,0.0,3.21,0.60,-3.16
87.400,41.600,0.0,2.99,-0.85,-2.87
87.700,41.600,0.0,2.96,-0.02,-2.96
88.000,41.600,0.0,3.45,0.52,-3.41
88.300,41.600,0.0,9.19,0.84,-9.16
88.600,41.600,0.0,9.59,-0.03,-9.59
88.900,41.600,0.0,10.27,0.66,-10.24
89.200,41.600,0.0,10.56,-4.05,-9.75
89.500,41.600,0.0,9.10,3.77,-8.28
89.800,41.600,0.0,10.58,-1.95,-10.40
90.100,41.600,0.0,10.61,0.23,-10.61
90.400,41.600,0.0,10.55,-2.96,-10.12
90.700,41.600,0.0,9.23,-4.43,-8.10
91.000,41.600,0.0,10.93,-1.50,-10.83
91.300,41.600,0.0,9.20,-1.29,-9.11
91.600,41.600,0.0,10.03,-1.06,-9.97
91.900,41.600,0.0,9.62,1.80,-9.45
92.200,41.600,0.0,10.74,-4.98,-9.52
92.500,41.600,0.0,10.44,-3.91,-9.68
92.800,41.600,0.0,9.58,1.39,-9.47
93.100,41.600,0.0,5.19,1.50,-4.97
93.400,41.600,0.0,5.90,0.52,-5.87
93.700,41.600,0.0,4.61,0.43,-4.59
94.000,41.600,0.0,5.11,0.65,-5.07
94.300,41.600,0.0,4.85,-1.08,-4.73
94.600,41.600,0.0,4.65,1.65,-4.35
94.900,41.600,0.0,4.02,0.94,-3.90
95.200,41.600,0.0,5.75,0.19,-5.75
95.500,41.600,0.0,4.81,0.10,-4.81
95.800,41.600,0.0,5.60,1.20,-5.47
96.100,41.600,0.0,4.45,-0.50,-4.42
96.400,41.600,0.0,4.68,0.05,-4.68
96.700,41.600,0.0,4.72,-1.38,-4.52
73.000,41.900,0.0,5.26,-1.32,-5.09
73.300,41.900,0.0,4.26,-0.75,-4.19
73.600,41.900,0.0,5.18,-0.63,-5.14
73.900,41.900,0.0,5.83,2.64,-5.20
74.200,41.900,0.0,5.09,2.18,-4.60
74.500,41.900,0.0,5.89,1.90,-5.57
74.800,41.900,0.0,5.08,1.30,-4.91
75.100,41.900,0.0,4.43,-0.39,-4.41
75.400,41.900,0.0,4.63,0.62,-4.59
75.700,41.900,0.0,4.95,0.61,-4.91
76.000,41.900,0.0,6.01,1.94,-5.69
76.300,41.900,0.0,6.02,1.33,-5.87
76.600,41.900,0.0,4.88,1.68,-4.58
76.900,41.900,0.0,4.50,1.04,-4.38
77.200,41.900,0.0,5.30,-2.50,-4.68
77.500,41.900,0.0,5.80,-2.10,-5.41
77.800,41.900,0.0,5.90,-2.80,-5.20
78.100,41.900,0.0,6.14,2.71,-5.50
78.400,41.900,0.0,5.50,-2.63,-4.83
78.700,41.900,0.0,5.95,-0.10,-5.95
79.000,41.900,0.0,3.34,1.37,-3.04
79.300,41.900,0.0,3.33,-0.98,-3.18
79.600,41.900,0.0,2.68,0.39,-2.65
79.900,41.900,0.0,2.83,-0.14,-2.83
80.200,41.900,0.0,3.14,0.97,-2.99
80.500,41.900,0.0,2.93,0.50,-2.88
80.800,41.900,0.0,3.01,1.20,-2.76
81.100,41.900,0.0,3.11,0.99,-2.95
81.400,41.900,0.0,2.67,-0.84,-2.53
81.700,41.900,0.0,2.61,0.80,-2.48
82.000,41.900,0.0,3.36,-0.03,-3.36
82.300,41.900,0.0,3.36,1.43,-3.04
82.600,41.900,0.0,3.41,1.16,-3.20
82.900,41.900,0.0,2.80,0.81,-2.67
83.200,41.900,0.0,2.95,1.36,-2.61
83.500,41.900,0.0,2.92,1.17,-2.68
83.800,41.900,0.0,2.75,0.77,-2.64
84.100,41.900,0.0,2.75,-0.70,-2.66
84.400,41.900,0.0,2.52,-0.72,-2.42
84.700,41.900,0.0,3.05,-0.85,-2.93
85.000,41.900,0.0,3.41,-1.21,-3.19
85.300,41.900,0.0,3.02,0.35,-3.00
85.600,41.900,0.0,2.99,-1.19,-2.74
85.900,41.900,0.0,2.66,-0.21,-2.65
86.200,41.900,0.0,3.23,-1.25,-2.98
86.500,41.900,0.0,2.60,1.04,-2.38
86.800,41.900,0.0,3.20,-0.55,-3.15
87.100,41.900,0.0,2.69,0.16,-2.68
87.400,41.900,0.0,2.55,-0.44,-2.51
87.700,41.900,0.0,2.51,-1.04,-2.28
88.000,41.900,0.0,2.93,-0.36,-2.91
88.300,41.900,0.0,10.66,0.03,-10.66
88.600,41.900,0.0,10.55,-0.65,-10.53
88.900,41.900,0.0,9.09,0.77,-9.06
89.200,41.900,0.0,9.79,0.24,-9.79
89.500,41.900,0.0,9.12,-4.05,-8.17
89.800,41.900,0.0,9.22,-0.54,-9.20
90.100,41.900,0.0,10.33,-2.11,-10.11
90.400,41.900,0.0,9.89,-3.20,-9.36
90.700,41.900,0.0,9.53,-2.67,-9.15
91.000,41.900,0.0,10.86,3.99,-10.11
91.300,41.900,0.0,10.02,-2.24,-9.76
91.600,41.900,0.0,10.91,-5.28,-9.55
91.900,41.900,0.0,9.54,2.51,-9.20
92.200,41.900,0.0,9.66,1.44,-9.56
92.500,41.900,0.0,10.20,-0.27,-10.20
92.800,41.900,0.0,9.52,-2.17,-9.27
93.100,41.900,0.0,5.50,-1.39,-5.32
93.400,41.900,0.0,5.34,0.93,-5.26
93.700,41.900,0.0,4.83,2.36,-4.21
94.000,41.900,0.0,4.42,0.49,-4.40
94.300,41.900,0.0,4.31,2.15,-3.74
94.600,41.900,0.0,4.76,-1.86,-4.39
94.900,41.900,0.0,4.04,1.59,-3.71
95.200,41.900,0.0,4.18,0.56,-4.14
95.500,41.900,0.0,3.96,-1.80,-3.53
95.800,41.900,0.0,4.31,0.62,-4.27
96.100,41.900,0.0,4.25,-0.95,-4.14
96.400,41.900,0.0,3.95,-0.83,-3.87
96.700,41.900,0.0,3.85,-1.41,-3.58
73.000,42.200,0.0,5.04,-0.96,-4.95
73.300,42.200,0.0,5.00,2.41,-4.38
73.600,42.200,0.0,5.23,2.30,-4.69
73.900,42.200,0.0,4.43,1.95,-3.97
74.200,42.200,0.0,4.16,1.96,-3.67
74.500,42.200,0.0,5.25,-0.48,-5.23
74.800,42.200,0.0,4.10,1.82,-3.67
75.100,42.200,0.0,4.19,-1.00,-4.07
75.400,42.200,0.0,4.39,-0.38,-4.38
75.700,42.200,0.0,4.39,1.63,-4.08
76.000,42.200,0.0,5.12,2.00,-4.72
76.300,42.200,0.0,4.13,0.32,-4.12
76.600,42.200,0.0,5.49,0.04,-5.49
76.900,42.200,0.0,4.86,0.31,-4.85
77.200,42.200,0.0,5.46,-2.41,-4.91
77.500,42.200,0.0,5.67,1.90,-5.34
77.800,42.200,0.0,5.84,-1.34,-5.68
78.100,42.200,0.0,4.56,1.73,-4.22
78.400,42.200,0.0,5.32,1.17,-5.19
78.700,42.200,0.0,5.53,1.85,-5.21
79.000,42.200,0.0,2.74,-0.21,-2.73
79.300,42.200,0.0,3.22,1.28,-2.96
79.600,42.200,0.0,3.05,-1.24,-2.79
79.900,42.200,0.0,2.83,-1.01,-2.65
80.200,42.200,0.0,3.43,-0.43,-3.41
80.500,42.200,0.0,2.90,-0.64,-2.82
80.800,42.200,0.0,2.79,1.24,-2.50
81.100,42.200,0.0,3.33,-0.06,-3.33
81.400,42.200,0.0,3.26,-1.58,-2.85
81.700,42.200,0.0,2.52,-1.17,-2.23
82.000,42.200,0.0,3.26,0.01,-3.26
82.300,42.200,0.0,3.09,-1.43,-2.75
82.600,42.200,0.0,2.72,0.17,-2.71
82.900,42.200,0.0,3.20,0.72,-3.12
83.200,42.200,0.0,3.17,0.44,-3.14
83.500,42.200,0.0,3.40,-0.43,-3.38
83.800,42.200,0.0,2.69,1.07,-2.46
84.100,42.200,0.0,3.37,0.19,-3.36
84.400,42.200,0.0,3.48,-1.15,-3.29
84.700,42.200,0.0,2.55,0.11,-2.55
85.000,42.200,0.0,3.14,1.32,-2.85
85.300,42.200,0.0,3.08,-0.24,-3.07
85.600,42.200,0.0,3.35,-0.16,-3.34
85.900,42.200,0.0,2.70,-0.77,-2.59
86.200,42.200,0.0,2.70,0.93,-2.54
86.500,42.200,0.0,3.04,-0.03,-3.04
86.800,42.200,0.0,2.79,0.37,-2.76
87.100,42.200,0.0,2.85,-0.35,-2.83
87.400,42.200,0.0,3.38,-0.47,-3.35
87.700,42.200,0.0,2.62,0.15,-2.61
88.000,42.200,0.0,2.55,0.96,-2.36
88.300,42.200,0.0,9.03,1.50,-8.90
88.600,42.200,0.0,10.47,2.43,-10.19
88.900,42.200,0.0,9.25,-1.65,-9.11
89.200,42.200,0.0,10.28,2.07,-10.07
89.500,42.200,0.0,9.57,0.88,-9.53
89.800,42.200,0.0,10.47,-4.87,-9.27
90.100,42.200,0.0,9.08,-2.30,-8.78
90.400,42.200,0.0,9.25,2.37,-8.94
90.700,42.200,0.0,9.85,3.02,-9.38
91.000,42.200,0.0,10.03,4.13,-9.14
91.300,42.200,0.0,10.94,-2.11,-10.74
91.600,42.200,0.0,10.98,0.23,-10.98
91.900,42.200,0.0,10.70,4.00,-9.92
92.200,42.200,0.0,10.23,-3.93,-9.44
92.500,42.200,0.0,9.87,0.62,-9.85
92.800,42.200,0.0,10.73,0.59,-10.72
93.100,42.200,0.0,4.31,-0.71,-4.25
93.400,42.200,0.0,4.73,0.54,-4.70
93.700,42.200,0.0,4.89,1.65,-4.60
94.000,42.200,0.0,5.35,1.40,-5.17
94.300,42.200,0.0,5.00,-1.26,-4.84
94.600,42.200,0.0,4.88,-1.93,-4.48
94.900,42.200,0.0,5.60,-0.33,-5.59
95.200,42.200,0.0,4.77,-1.68,-4.46
95.500,42.200,0.0,4.21,-1.08,-4.07
95.800,42.200,0.0,5.29,2.12,-4.84
96.100,42.200,0.0,4.43,-0.10,-4.43
96.400,42.200,0.0,4.81,-1.35,-4.62
96.700,42.200,0.0,5.39,-0.32,-5.38
73.000,42.500,0.0,4.64,0.18,-4.63
73.300,42.500,0.0,4.09,-0.41,-4.07
73.600,42.500,0.0,3.86,0.19,-3.86
73.900,42.500,0.0,5.70,-0.45,-5.68
74.200,42.500,0.0,5.14,1.13,-5.01
74.500,42.500,0.0,4.85,1.44,-4.63
74.800,42.500,0.0,5.38,-0.99,-5.29
75.100,42.500,0.0,5.92,-0.59,-5.89
75.400,42.500,0.0,4.13,0.44,-4.10
75.700,42.500,0.0,5.30,-0.70,-5.26
76.000,42.500,0.0,5.06,2.48,-4.41
76.300,42.500,0.0,4.35,1.79,-3.97
76.600,42.500,0.0,6.08,-1.65,-5.86
76.900,42.500,0.0,4.20,-0.39,-4.19
77.200,42.500,0.0,4.57,-0.75,-4.50
77.500,42.500,0.0,5.40,1.63,-5.15
77.800,42.500,0.0,6.18,-1.77,-5.92
78.100,42.500,0.0,5.68,-1.54,-5.47
78.400,42.500,0.0,4.59,0.06,-4.59
78.700,42.500,0.0,5.03,-1.85,-4.68
79.000,42.500,0.0,4.70,1.08,-4.58
79.300,42.500,0.0,3.35,1.38,-3.05
79.600,42.500,0.0,2.69,-0.37,-2.67
79.900,42.500,0.0,3.37,-0.96,-3.23
80.200,42.500,0.0,2.57,-0.24,-2.56
80.500,42.500,0.0,3.31,-0.70,-3.24
80.800,42.500,0.0,3.12,-0.73,-3.03
81.100,42.500,0.0,2.93,-1.27,-2.64
81.400,42.500,0.0,3.31,0.60,-3.26
81.700,42.500,0.0,3.44,0.72,-3.37
82.000,42.500,0.0,3.09,-1.14,-2.88
82.300,42.500,0.0,2.78,1.37,-2.42
82.600,42.500,0.0,3.18,-1.04,-3.01
82.900,42.500,0.0,2.71,-0.06,-2.71
83.200,42.500,0.0,3.06,0.47,-3.03
83.500,42.500,0.0,2.52,1.24,-2.20
83.800,42.500,0.0,2.89,-0.62,-2.82
84.100,42.500,0.0,2.88,0.25,-2.87
84.400,42.500,0.0,3.46,-1.46,-3.14
84.700,42.500,0.0,3.34,0.07,-3.34
85.000,42.500,0.0,2.89,0.96,-2.72
85.300,42.500,0.0,3.15,-1.43,-2.81
85.600,42.500,0.0,3.48,-1.37,-3.20
85.900,42.500,0.0,2.63,-1.31,-2.29
86.200,42.500,0.0,3.18,-0.06,-3.18
86.500,42.500,0.0,2.87,1.12,-2.64
86.800,42.500,0.0,3.46,-1.46,-3.13
87.100,42.500,0.0,3.48,-0.38,-3.46
87.400,42.500,0.0,2.80,0.85,-2.66
87.700,42.500,0.0,3.04,1.16,-2.80
88.000,42.500,0.0,3.22,1.19,-3.00
88.300,42.500,0.0,10.03,-2.72,-9.65
88.600,42.500,0.0,9.05,3.30,-8.43
88.900,42.500,0.0,10.06,-4.79,-8.85
89.200,42.500,0.0,9.70,4.43,-8.63
89.500,42.500,0.0,10.24,-2.28,-9.98
89.800,42.500,0.0,10.68,-3.29,-10.16
90.100,42.500,0.0,9.10,4.44,-7.94
90.400,42.500,0.0,10.96,-0.06,-10.96
90.700,42.500,0.0,10.93,-4.80,-9.81
91.000,42.500,0.0,9.17,2.36,-8.86
91.300,42.500,0.0,9.58,-3.81,-8.79
91.600,42.500,0.0,10.66,-2.78,-10.29
91.900,42.500,0.0,9.40,-2.59,-9.04
92.200,42.500,0.0,9.57,-4.49,-8.45
92.500,42.500,0.0,10.29,1.03,-10.24
92.800,42.500,0.0,9.70,-1.82,-9.53
93.100,42.500,0.0,4.50,1.84,-4.11
93.400,42.500,0.0,4.80,0.39,-4.78
93.700,42.500,0.0,6.11,1.54,-5.91
94.000,42.500,0.0,5.31,-2.57,-4.65
94.300,42.500,0.0,4.51,0.28,-4.50
94.600,42.500,0.0,5.54,0.49,-5.52
94.900,42.500,0.0,4.81,0.61,-4.77
95.200,42.500,0.0,5.66,-0.20,-5.65
95.500,42.500,0.0,5.35,-1.64,-5.09
95.800,42.500,0.0,5.78,1.61,-5.55
96.100,42.500,0.0,4.02,-0.41,-3.99
96.400,42.500,0.0,4.48,1.75,-4.12
96.700,42.500,0.0,5.64,-1.21,-5.50
73.000,42.800,0.0,4.98,1.56,-4.72
73.300,42.800,0.0,5.01,-0.74,-4.96
73.600,42.800,0.0,5.76,-1.25,-5.62
73.900,42.800,0.0,5.55,-2.14,-5.12
74.200,42.800,0.0,5.28,-0.39,-5.26
74.500,42.800,0.0,4.35,-1.33,-4.14
74.800,42.800,0.0,5.53,1.17,-5.40
75.100,42.800,0.0,4.64,-0.76,-4.57
75.400,42.800,0.0,5.52,1.43,-5.33
75.700,42.800,0.0,5.24,1.18,-5.10
76.000,42.800,0.0,5.52,2.27,-5.03
76.300,42.800,0.0,5.77,0.52,-5.75
76.600,42.800,0.0,5.28,0.64,-5.24
76.900,42.800,0.0,4.63,1.28,-4.45
77.200,42.800,0.0,4.84,-1.23,-4.69
77.500,42.800,0.0,6.24,-1.05,-6.15
77.800,42.800,0.0,5.07,2.08,-4.62
78.100,42.800,0.0,5.01,-1.37,-4.82
78.400,42.800,0.0,5.14,1.55,-4.90
78.700,42.800,0.0,6.31,-1.32,-6.17
79.000,42.800,0.0,5.01,-1.74,-4.70
79.300,42.800,0.0,5.17,2.16,-4.70
79.600,42.800,0.0,3.25,-1.25,-3.00
79.900,42.800,0.0,2.60,0.61,-2.52
80.200,42.800,0.0,3.20,-1.18,-2.98
80.500,42.800,0.0,3.38,1.22,-3.15
80.800,42.800,0.0,3.38,0.37,-3.36
81.100,42.800,0.0,3.18,-1.17,-2.96
81.400,42.800,0.0,2.83,0.42,-2.80
81.700,42.800,0.0,3.11,0.98,-2.95
82.000,42.800,0.0,3.50,-0.93,-3.37
82.300,42.800,0.0,2.55,0.70,-2.45
82.600,42.800,0.0,3.25,-0.44,-3.22
82.900,42.800,0.0,2.63,0.77,-2.51
83.200,42.800,0.0,2.91,-0.63,-2.85
83.500,42.800,0.0,2.82,0.39,-2.79
83.800,42.800,0.0,2.64,-0.86,-2.49
84.100,42.800,0.0,2.71,-0.36,-2.68
84.400,42.800,0.0,3.23,1.11,-3.04
84.700,42.800,0.0,3.41,-0.68,-3.34
85.000,42.800,0.0,3.09,0.03,-3.09
85.300,42.800,0.0,2.90,1.29,-2.60
85.600,42.800,0.0,3.00,-1.27,-2.72
85.900,42.800,0.0,2.94,-0.07,-2.94
86.200,42.800,0.0,3.28,-0.07,-3.28
86.500,42.800,0.0,2.73,0.71,-2.64
86.800,42.800,0.0,2.82,-0.97,-2.65
87.100,42.800,0.0,2.94,-0.32,-2.92
87.400,42.800,0.0,2.77,0.53,-2.72
87.700,42.800,0.0,2.71,0.02,-2.71
88.000,42.800,0.0,3.27,1.13,-3.07
88.300,42.800,0.0,9.18,-3.00,-8.67
88.600,42.800,0.0,10.26,-2.61,-9.93
88.900,42.800,0.0,9.38,4.47,-8.25
89.200,42.800,0.0,9.84,0.93,-9.80
89.500,42.800,0.0,10.99,3.91,-10.27
89.800,42.800,0.0,10.44,3.14,-9.96
90.100,42.800,0.0,10.68,-4.77,-9.56
90.400,42.800,0.0,10.25,-3.32,-9.70
90.700,42.800,0.0,9.24,-3.55,-8.53
91.000,42.800,0.0,9.20,1.41,-9.09
91.300,42.800,0.0,9.02,-2.83,-8.56
91.600,42.800,0.0,9.13,-3.70,-8.34
91.900,42.800,0.0,10.62,2.03,-10.43
92.200,42.800,0.0,9.12,0.54,-9.10
92.500,42.800,0.0,10.79,-1.86,-10.63
92.800,42.800,0.0,10.02,1.96,-9.83
93.100,42.800,0.0,4.69,1.31,-4.50
93.400,42.800,0.0,5.36,1.53,-5.14
93.700,42.800,0.0,5.99,2.77,-5.31
94.000,42.800,0.0,4.13,-1.47,-3.86
94.300,42.800,0.0,4.99,0.23,-4.99
94.600,42.800,0.0,4.86,-0.57,-4.82
94.900,42.800,0.0,4.99,-0.61,-4.95
95.200,42.800,0.0,5.93,1.66,-5.69
95.500,42.800,0.0,5.50,-2.17,-5.05
95.800,42.800,0.0,5.35,0.80,-5.29
96.100,42.800,0.0,5.31,1.69,-5.03
96.400,42.800,0.0,4.44,-2.11,-3.91
96.700,42.800,0.0,5.70,-1.78,-5.42
73.000,43.100,0.0,4.68,-1.24,-4.52
73.300,43.100,0.0,3.96,0.23,-3.96
73.600,43.100,0.0,5.66,-0.88,-5.59
73.900,43.100,0.0,5.64,1.62,-5.40
74.200,43.100,0.0,5.42,-0.31,-5.42
74.500,43.100,0.0,4.76,1.05,-4.64
74.800,43.100,0.0,5.36,1.01,-5.27
75.100,43.100,0.0,5.36,2.56,-4.71
75.400,43.100,0.0,4.81,1.38,-4.60
75.700,43.100,0.0,4.19,-0.47,-4.16
76.000,43.100,0.0,5.24,-0.63,-5.20
76.300,43.100,0.0,5.87,-0.26,-5.87
76.600,43.100,0.0,4.78,0.86,-4.70
76.900,43.100,0.0,4.89,0.52,-4.87
77.200,43.100,0.0,4.54,1.02,-4.42
77.500,43.100,0.0,4.32,-2.15,-3.75
77.800,43.100,0.0,5.11,-2.01,-4.70
78.100,43.100,0.0,5.87,0.49,-5.85
78.400,43.100,0.0,5.02,-2.26,-4.48
78.700,43.100,0.0,4.94,-1.79,-4.61
79.000,43.100,0.0,4.63,-0.86,-4.55
79.300,43.100,0.0,5.02,1.92,-4.63
79.600,43.100,0.0,5.36,-0.10,-5.36
79.900,43.100,0.0,3.27,0.27,-3.26
80.200,43.100,0.0,3.10,1.42,-2.75
80.500,43.100,0.0,2.68,1.02,-2.48
80.800,43.100,0.0,2.74,0.51,-2.70
81.100,43.100,0.0,3.12,-1.20,-2.88
81.400,43.100,0.0,3.46,-0.82,-3.36
81.700,43.100,0.0,2.63,0.79,-2.50
82.000,43.100,0.0,3.48,0.48,-3.45
82.300,43.100,0.0,3.28,0.90,-3.16
82.600,43.100,0.0,2.66,0.51,-2.61
82.900,43.100,0.0,2.67,-0.08,-2.67
83.200,43.100,0.0,3.36,0.87,-3.25
83.500,43.100,0.0,3.45,0.03,-3.45
83.800,43.100,0.0,2.70,-0.63,-2.62
84.100,43.100,0.0,2.95,-0.93,-2.80
84.400,43.100,0.0,2.52,-1.12,-2.26
84.700,43.100,0.0,2.89,-0.79,-2.78
85.000,43.100,0.0,2.68,0.50,-2.63
85.300,43.100,0.0,3.38,-1.47,-3.04
85.600,43.100,0.0,2.78,-0.07,-2.78
85.900,43.100,0.0,3.49,-1.30,-3.24
86.200,43.100,0.0,2.98,0.76,-2.88
86.500,43.100,0.0,3.26,0.35,-3.24
86.800,43.100,0.0,3.46,1.63,-3.05
87.100,43.100,0.0,3.15,-0.07,-3.15
87.400,43.100,0.0,2.58,0.49,-2.53
87.700,43.100,0.0,2.74,-1.03,-2.53
88.000,43.100,0.0,2.70,0.11,-2.70
88.300,43.100,0.0,10.37,5.08,-9.04
88.600,43.100,0.0,10.80,0.96,-10.75
88.900,43.100,0.0,10.65,3.48,-10.07
89.200,43.100,0.0,9.83,-3.53,-9.17
89.500,43.100,0.0,10.68,0.81,-10.65
89.800,43.100,0.0,10.70,3.32,-10.18
90.100,43.100,0.0,10.97,3.82,-10.28
90.400,43.100,0.0,10.31,1.96,-10.12
90.700,43.100,0.0,10.99,-0.65,-10.98
91.000,43.100,0.0,9.16,-1.41,-9.05
91.300,43.100,0.0,10.26,1.58,-10.14
91.600,43.100,0.0,9.17,2.36,-8.86
91.900,43.100,0.0,9.36,-3.18,-8.81
92.200,43.100,0.0,9.14,-2.84,-8.68
92.500,43.100,0.0,10.65,4.72,-9.54
92.800,43.100,0.0,10.95,-0.34,-10.94
93.100,43.100,0.0,4.88,0.11,-4.88
93.400,43.100,0.0,5.29,-0.89,-5.21
93.700,43.100,0.0,5.15,-1.66,-4.88
94.000,43.100,0.0,4.16,-0.58,-4.12
94.300,43.100,0.0,5.77,-1.72,-5.51
94.600,43.100,0.0,4.48,-1.30,-4.29
94.900,43.100,0.0,5.85,-1.19,-5.72
95.200,43.100,0.0,4.55,-0.25,-4.54
95.500,43.100,0.0,5.53,-2.61,-4.87
95.800,43.100,0.0,4.82,-1.84,-4.46
96.100,43.100,0.0,4.04,-1.80,-3.62
96.400,43.100,0.0,4.60,-0.23,-4.59
96.700,43.100,0.0,4.35,0.67,-4.30
73.000,43.400,0.0,5.08,0.50,-5.05
73.300,43.400,0.0,5.80,2.03,-5.44
73.600,43.400,0.0,5.65,-1.90,-5.32
73.900,43.400,0.0,5.59,-1.02,-5.50
74.200,43.400,0.0,5.05,0.49,-5.03
74.500,43.400,0.0,5.09,0.39,-5.07
74.800,43.400,0.0,5.42,-1.94,-5.06
75.100,43.400,0.0,4.87,-0.19,-4.86
75.400,43.400,0.0,5.43,1.90,-5.09
75.700,43.400,0.0,4.32,-0.50,-4.29
76.000,43.400,0.0,4.39,1.84,-3.98
76.300,43.400,0.0,5.58,-0.07,-5.58
76.600,43.400,0.0,5.42,2.48,-4.82
76.900,43.400,0.0,5.01,-0.32,-5.00
77.200,43.400,0.0,5.23,-1.75,-4.92
77.500,43.400,0.0,5.78,0.68,-5.74
77.800,43.400,0.0,5.58,0.94,-5.50
78.100,43.400,0.0,6.06,0.70,-6.02
78.400,43.400,0.0,5.34,-0.98,-5.25
78.700,43.400,0.0,5.81,1.08,-5.70
79.000,43.400,0.0,5.06,0.40,-5.04
79.300,43.400,0.0,4.51,1.76,-4.15
79.600,43.400,0.0,6.12,1.85,-5.84
79.900,43.400,0.0,6.34,0.10,-6.33
80.200,43.400,0.0,2.51,-0.99,-2.30
80.500,43.400,0.0,3.11,-1.19,-2.87
80.800,43.400,0.0,3.31,0.89,-3.19
81.100,43.400,0.0,3.34,-0.32,-3.32
81.400,43.400,0.0,2.69,-0.55,-2.64
81.700,43.400,0.0,3.14,-1.13,-2.93
82.000,43.400,0.0,2.68,-1.29,-2.35
82.300,43.400,0.0,2.85,-1.03,-2.66
82.600,43.400,0.0,3.47,1.12,-3.28
82.900,43.400,0.0,3.22,-0.79,-3.12
83.200,43.400,0.0,3.30,-0.84,-3.20
83.500,43.400,0.0,3.48,-0.35,-3.47
83.800,43.400,0.0,2.54,0.87,-2.38
84.100,43.400,0.0,3.11,-0.81,-3.00
84.400,43.400,0.0,3.05,-1.42,-2.70
84.700,43.400,0.0,2.90,0.28,-2.88
85.000,43.400,0.0,3.14,1.37,-2.82
85.300,43.400,0.0,2.69,-1.26,-2.38
85.600,43.400,0.0,2.79,-1.07,-2.57
85.900,43.400,0.0,2.73,1.34,-2.38
86.200,43.400,0.0,2.71,-1.14,-2.47
86.500,43.400,0.0,3.37,0.15,-3.36
86.800,43.400,0.0,2.91,-0.16,-2.91
87.100,43.400,0.0,3.06,0.87,-2.93
87.400,43.400,0.0,3.30,0.88,-3.18
87.700,43.400,0.0,2.57,0.65,-2.48
88.000,43.400,0.0,3.15,0.02,-3.15
88.300,43.400,0.0,9.21,2.93,-8.73
88.600,43.400,0.0,9.66,-2.80,-9.24
88.900,43.400,0.0,9.48,-4.70,-8.23
89.200,43.400,0.0,9.90,-2.41,-9.61
89.500,43.400,0.0,10.96,4.41,-10.03
89.800,43.400,0.0,9.43,3.69,-8.68
90.100,43.400,0.0,10.37,3.87,-9.62
90.400,43.400,0.0,9.26,-1.21,-9.18
90.700,43.400,0.0,9.08,3.00,-8.57
91.000,43.400,0.0,10.14,3.67,-9.46
91.300,43.400,0.0,10.49,2.36,-10.22
91.600,43.400,0.0,10.06,-2.19,-9.82
91.900,43.400,0.0,9.05,0.05,-9.05
92.200,43.400,0.0,9.95,3.50,-9.32
92.500,43.400,0.0,9.89,4.44,-8.84
92.800,43.400,0.0,9.67,4.61,-8.51
93.100,43.400,0.0,5.16,0.81,-5.10
93.400,43.400,0.0,6.03,-1.53,-5.83
93.700,43.400,0.0,4.21,-0.27,-4.20
94.000,43.400,0.0,4.11,1.37,-3.88
94.300,43.400,0.0,5.20,-0.38,-5.18
94.600,43.400,0.0,5.54,-1.12,-5.42
94.900,43.400,0.0,4.46,-2.08,-3.95
95.200,43.400,0.0,5.32,0.42,-5.30
95.500,43.400,0.0,4.50,1.52,-4.23
95.800,43.400,0.0,4.44,-1.53,-4.17
96.100,43.400,0.0,5.31,-0.15,-5.31
96.400,43.400,0.0,4.62,-1.97,-4.18
96.700,43.400,0.0,4.83,-1.80,-4.48
73.000,43.700,0.0,4.90,0.17,-4.90
73.300,43.700,0.0,5.30,-0.96,-5.22
73.600,43.700,0.0,3.98,1.43,-3.71
73.900,43.700,0.0,5.49,-1.49,-5.29
74.200,43.700,0.0,4.57,2.23,-3.99
74.500,43.700,0.0,4.71,1.58,-4.43
74.800,43.700,0.0,5.51,1.69,-5.25
75.100,43.700,0.0,4.33,-0.59,-4.29
75.400,43.700,0.0,4.53,-0.04,-4.53
75.700,43.700,0.0,4.16,-1.53,-3.87
76.000,43.700,0.0,5.37,0.44,-5.36
76.300,43.700,0.0,4.70,1.66,-4.40
76.600,43.700,0.0,4.44,-0.59,-4.40
76.900,43.700,0.0,4.55,0.64,-4.50
77.200,43.700,0.0,5.57,-2.38,-5.03
77.500,43.700,0.0,5.19,-1.40,-5.00
77.800,43.700,0.0,5.99,2.24,-5.56
78.100,43.700,0.0,4.35,0.82,-4.27
78.400,43.700,0.0,4.76,1.12,-4.62
78.700,43.700,0.0,5.50,-1.98,-5.13
79.000,43.700,0.0,4.92,-0.43,-4.90
79.300,43.700,0.0,4.44,0.14,-4.43
79.600,43.700,0.0,5.48,0.19,-5.48
79.900,43.700,0.0,5.77,-0.76,-5.72
80.200,43.700,0.0,5.16,0.25,-5.15
80.500,43.700,0.0,2.99,-1.26,-2.71
80.800,43.700,0.0,3.17,1.24,-2.92
81.100,43.700,0.0,3.32,-1.14,-3.11
81.400,43.700,0.0,3.02,-0.06,-3.02
81.700,43.700,0.0,3.25,-0.42,-3.23
82.000,43.700,0.0,2.62,-0.65,-2.53
82.300,43.700,0.0,3.11,-1.01,-2.95
82.600,43.700,0.0,2.58,-0.74,-2.47
82.900,43.700,0.0,3.44,-0.73,-3.37
83.200,43.700,0.0,2.91,-0.74,-2.81
83.500,43.700,0.0,2.70,0.67,-2.61
83.800,43.700,0.0,2.58,-0.72,-2.48
84.100,43.700,0.0,3.09,0.78,-2.99
84.400,43.700,0.0,2.58,0.08,-2.58
84.700,43.700,0.0,2.72,0.09,-2.72
85.000,43.700,0.0,3.35,-0.08,-3.35
85.300,43.700,0.0,3.13,-0.59,-3.07
85.600,43.700,0.0,2.91,-0.64,-2.84
85.900,43.700,0.0,3.08,-0.06,-3.08
86.200,43.700,0.0,2.88,-1.24,-2.60
86.500,43.700,0.0,3.03,-1.09,-2.83
86.800,43.700,0.0,2.55,-0.36,-2.53
87.100,43.700,0.0,2.69,0.17,-2.68
87.400,43.700,0.0,3.40,0.93,-3.27
87.700,43.700,0.0,3.29,0.86,-3.17
88.000,43.700,0.0,4.75,-2.27,-4.17
88.300,43.700,0.0,9.66,-3.33,-9.07
88.600,43.700,0.0,10.17,-3.79,-9.44
88.900,43.700,0.0,9.07,4.15,-8.06
89.200,43.700,0.0,10.48,-3.49,-9.88
89.500,43.700,0.0,10.14,0.26,-10.14
89.800,43.700,0.0,9.92,0.09,-9.92
90.100,43.700,0.0,9.93,-4.08,-9.06
90.400,43.700,0.0,10.26,1.31,-10.18
90.700,43.700,0.0,9.08,3.39,-8.43
91.000,43.700,0.0,10.12,1.73,-9.97
91.300,43.700,0.0,9.50,2.48,-9.17
91.600,43.700,0.0,10.17,-3.44,-9.57
91.900,43.700,0.0,9.62,-2.04,-9.40
92.200,43.700,0.0,10.45,1.36,-10.36
92.500,43.700,0.0,9.63,4.50,-8.51
92.800,43.700,0.0,9.82,3.46,-9.19
93.100,43.700,0.0,5.50,2.69,-4.80
93.400,43.700,0.0,5.04,-2.10,-4.58
93.700,43.700,0.0,4.72,1.68,-4.40
94.000,43.700,0.0,5.45,-1.17,-5.32
94.300,43.700,0.0,4.30,-1.05,-4.17
94.600,43.700,0.0,6.02,0.59,-5.99
94.900,43.700,0.0,4.37,0.82,-4.29
95.200,43.700,0.0,5.03,1.68,-4.74
95.500,43.700,0.0,5.46,1.13,-5.34
95.800,43.700,0.0,4.22,-1.65,-3.88
96.100,43.700,0.0,4.99,-1.04,-4.88
96.400,43.700,0.0,5.18,2.35,-4.62
96.700,43.700,0.0,5.13,1.39,-4.94
73.000,44.000,0.0,3.80,-1.38,-3.54
73.300,44.000,0.0,5.70,1.68,-5.45
73.600,44.000,0.0,4.30,-1.09,-4.16
73.900,44.000,0.0,5.60,1.91,-5.27
74.200,44.000,0.0,4.73,1.92,-4.32
74.500,44.000,0.0,3.99,1.29,-3.77
74.800,44.000,0.0,5.40,1.70,-5.12
75.100,44.000,0.0,5.39,-1.36,-5.21
75.400,44.000,0.0,5.20,0.27,-5.19
75.700,44.000,0.0,4.95,-2.28,-4.40
76.000,44.000,0.0,5.34,-0.46,-5.32
76.300,44.000,0.0,5.82,-1.22,-5.69
76.600,44.000,0.0,5.04,0.62,-5.00
76.900,44.000,0.0,5.92,1.24,-5.79
77.200,44.000,0.0,5.08,1.26,-4.92
77.500,44.000,0.0,4.49,-0.91,-4.40
77.800,44.000,0.0,5.14,-1.16,-5.00
78.100,44.000,0.0,4.30,0.91,-4.21
78.400,44.000,0.0,5.31,0.22,-5.31
78.700,44.000,0.0,5.22,0.73,-5.17
79.000,44.000,0.0,4.95,-1.23,-4.79
79.300,44.000,0.0,5.20,-2.25,-4.69
79.600,44.000,0.0,5.55,-0.36,-5.54
79.900,44.000,0.0,5.87,2.59,-5.26
80.200,44.000,0.0,5.69,-1.60,-5.46
80.500,44.000,0.0,5.49,-1.87,-5.17
80.800,44.000,0.0,3.46,-1.59,-3.07
81.100,44.000,0.0,2.84,-0.54,-2.78
81.400,44.000,0.0,2.59,-0.75,-2.48
81.700,44.000,0.0,2.53,0.40,-2.50
82.000,44.000,0.0,3.14,-0.92,-3.00
82.300,44.000,0.0,2.68,-0.01,-2.68
82.600,44.000,0.0,3.20,-0.55,-3.15
82.900,44.000,0.0,3.04,0.04,-3.03
83.200,44.000,0.0,2.95,1.07,-2.75
83.500,44.000,0.0,2.98,-0.10,-2.97
83.800,44.000,0.0,2.73,0.16,-2.72
84.100,44.000,0.0,2.93,-0.44,-2.90
84.400,44.000,0.0,3.41,1.69,-2.96
84.700,44.000,0.0,2.59,-0.10,-2.59
85.000,44.000,0.0,2.50,0.99,-2.30
85.300,44.000,0.0,3.15,-0.13,-3.15
85.600,44.000,0.0,2.71,-1.29,-2.38
85.900,44.000,0.0,2.52,-0.14,-2.52
86.200,44.000,0.0,2.85,-0.02,-2.85
86.500,44.000,0.0,2.92,0.40,-2.89
86.800,44.000,0.0,3.14,-0.43,-3.11
87.100,44.000,0.0,2.64,-0.89,-2.49
87.400,44.000,0.0,6.29,0.23,-6.29
87.700,44.000,0.0,5.64,-0.11,-5.64
88.000,44.000,0.0,4.80,-0.39,-4.78
88.300,44.000,0.0,10.41,-0.14,-10.40
88.600,44.000,0.0,10.00,-0.76,-9.97
88.900,44.000,0.0,9.08,2.53,-8.72
89.200,44.000,0.0,9.63,-3.72,-8.88
89.500,44.000,0.0,10.33,-3.54,-9.71
89.800,44.000,0.0,9.81,1.53,-9.69
90.100,44.000,0.0,10.53,-1.63,-10.40
90.400,44.000,0.0,10.71,-3.85,-9.99
90.700,44.000,0.0,10.58,5.13,-9.25
91.000,44.000,0.0,9.41,-2.00,-9.19
91.300,44.000,0.0,9.08,0.27,-9.08
91.600,44.000,0.0,10.06,-4.85,-8.81
91.900,44.000,0.0,9.96,0.93,-9.92
92.200,44.000,0.0,9.16,-1.46,-9.04
92.500,44.000,0.0,9.79,-4.11,-8.88
92.800,44.000,0.0,9.37,1.37,-9.27
93.100,44.000,0.0,5.57,-0.62,-5.54
93.400,44.000,0.0,4.62,0.78,-4.55
93.700,44.000,0.0,5.83,-0.21,-5.83
94.000,44.000,0.0,4.63,0.44,-4.61
94.300,44.000,0.0,5.17,1.51,-4.94
94.600,44.000,0.0,4.36,1.43,-4.12
94.900,44.000,0.0,5.29,-0.57,-5.26
95.200,44.000,0.0,4.80,-1.07,-4.68
95.500,44.000,0.0,4.88,-1.75,-4.56
95.800,44.000,0.0,5.16,-2.43,-4.55
96.100,44.000,0.0,4.22,-1.54,-3.93
96.400,44.000,0.0,4.57,-0.25,-4.57
96.700,44.000,0.0,5.81,1.50,-5.61
73.000,44.300,0.0,4.34,1.66,-4.01
73.300,44.300,0.0,5.76,-1.25,-5.62
73.600,44.300,0.0,4.59,-1.45,-4.36
73.900,44.300,0.0,5.71,-1.48,-5.52
74.200,44.300,0.0,4.88,-0.43,-4.86
74.500,44.300,0.0,5.71,-2.40,-5.18
74.800,44.300,0.0,4.31,0.51,-4.28
75.100,44.300,0.0,4.74,-0.88,-4.65
75.400,44.300,0.0,4.35,0.35,-4.33
75.700,44.300,0.0,5.10,-0.86,-5.02
76.000,44.300,0.0,4.10,1.19,-3.92
76.300,44.300,0.0,5.89,-2.51,-5.33
76.600,44.300,0.0,5.04,0.65,-5.00
76.900,44.300,0.0,5.11,0.45,-5.09
77.200,44.300,0.0,5.02,1.68,-4.74
77.500,44.300,0.0,5.21,1.40,-5.02
77.800,44.300,0.0,5.29,-0.68,-5.25
78.100,44.300,0.0,4.51,-0.59,-4.47
78.400,44.300,0.0,6.32,2.86,-5.64
78.700,44.300,0.0,6.16,-2.89,-5.45
79.000,44.300,0.0,5.62,-0.09,-5.62
79.300,44.300,0.0,5.11,-1.94,-4.73
79.600,44.300,0.0,4.68,-1.51,-4.43
79.900,44.300,0.0,4.61,1.53,-4.35
80.200,44.300,0.0,6.40,-1.71,-6.17
80.500,44.300,0.0,5.38,-1.13,-5.26
80.800,44.300,0.0,5.91,0.40,-5.90
81.100,44.300,0.0,6.56,-2.38,-6.11
81.400,44.300,0.0,2.67,-1.31,-2.33
81.700,44.300,0.0,2.54,0.95,-2.35
82.000,44.300,0.0,3.36,-1.29,-3.10
82.300,44.300,0.0,3.34,-0.85,-3.23
82.600,44.300,0.0,2.97,-0.96,-2.81
82.900,44.300,0.0,3.28,0.26,-3.27
83.200,44.300,0.0,3.01,1.27,-2.73
83.500,44.300,0.0,3.40,0.59,-3.35
83.800,44.300,0.0,3.40,1.10,-3.21
84.100,44.300,0.0,2.67,-0.92,-2.51
84.400,44.300,0.0,3.18,-1.32,-2.90
84.700,44.300,0.0,3.46,1.62,-3.06
85.000,44.300,0.0,3.43,1.10,-3.25
85.300,44.300,0.0,2.77,1.24,-2.47
85.600,44.300,0.0,3.19,-0.22,-3.18
85.900,44.300,0.0,3.04,-0.05,-3.04
86.200,44.300,0.0,2.51,0.51,-2.46
86.500,44.300,0.0,2.64,0.45,-2.60
86.800,44.300,0.0,3.40,-0.82,-3.31
87.100,44.300,0.0,10.56,-0.11,-10.56
87.400,44.300,0.0,11.33,1.36,-11.25
87.700,44.300,0.0,12.82,5.65,-11.50
88.000,44.300,0.0,10.60,3.86,-9.87
88.300,44.300,0.0,10.60,-3.73,-9.92
88.600,44.300,0.0,9.40,2.17,-9.14
88.900,44.300,0.0,10.50,-1.79,-10.34
89.200,44.300,0.0,9.57,-3.09,-9.06
89.500,44.300,0.0,9.69,3.69,-8.96
89.800,44.300,0.0,10.46,-3.55,-9.84
90.100,44.300,0.0,10.02,0.63,-10.00
90.400,44.300,0.0,9.37,4.29,-8.33
90.700,44.300,0.0,9.63,-4.24,-8.65
91.000,44.300,0.0,9.91,-3.77,-9.17
91.300,44.300,0.0,9.67,2.80,-9.25
91.600,44.300,0.0,10.37,-1.31,-10.28
91.900,44.300,0.0,9.90,1.06,-9.84
92.200,44.300,0.0,10.81,4.03,-10.03
92.500,44.300,0.0,9.82,3.50,-9.18
92.800,44.300,0.0,10.56,2.83,-10.17
93.100,44.300,0.0,4.57,-1.14,-4.42
93.400,44.300,0.0,4.42,0.19,-4.42
93.700,44.300,0.0,5.73,0.87,-5.66
94.000,44.300,0.0,4.91,-1.67,-4.62
94.300,44.300,0.0,4.83,-0.36,-4.81
94.600,44.300,0.0,5.45,1.44,-5.25
94.900,44.300,0.0,6.00,0.12,-6.00
95.200,44.300,0.0,5.17,-1.44,-4.97
95.500,44.300,0.0,5.23,1.14,-5.10
95.800,44.300,0.0,5.31,-0.18,-5.31
96.100,44.300,0.0,4.32,-1.51,-4.05
96.400,44.300,0.0,4.93,-0.87,-4.85
96.700,44.300,0.0,4.14,1.57,-3.83
73.000,44.600,0.0,5.41,-0.61,-5.37
73.300,44.600,0.0,5.60,1.98,-5.23
73.600,44.600,0.0,4.78,1.09,-4.65
73.900,44.600,0.0,5.52,-0.38,-5.50
74.200,44.600,0.0,4.55,-0.98,-4.45
74.500,44.600,0.0,4.78,-0.62,-4.74
74.800,44.600,0.0,5.52,0.45,-5.50
75.100,44.600,0.0,5.21,0.82,-5.14
75.400,44.600,0.0,4.97,0.32,-4.96
75.700,44.600,0.0,5.17,0.83,-5.10
76.000,44.600,0.0,4.50,0.54,-4.47
76.300,44.600,0.0,5.44,-2.32,-4.92
76.600,44.600,0.0,6.00,1.59,-5.78
76.900,44.600,0.0,5.08,-1.07,-4.96
77.200,44.600,0.0,4.70,1.50,-4.46
77.500,44.600,0.0,5.74,1.94,-5.41
77.800,44.600,0.0,5.22,-1.80,-4.89
78.100,44.600,0.0,5.39,1.45,-5.19
78.400,44.600,0.0,5.63,1.16,-5.51
78.700,44.600,0.0,5.97,2.60,-5.37
79.000,44.600,0.0,5.92,2.08,-5.55
79.300,44.600,0.0,5.43,-0.05,-5.43
79.600,44.600,0.0,5.69,-1.67,-5.44
79.900,44.600,0.0,5.61,2.13,-5.19
80.200,44.600,0.0,4.86,1.89,-4.48
80.500,44.600,0.0,4.76,1.57,-4.50
80.800,44.600,0.0,5.31,-2.22,-4.82
81.100,44.600,0.0,6.13,-0.56,-6.11
81.400,44.600,0.0,5.45,-2.39,-4.90
81.700,44.600,0.0,6.58,-0.23,-6.57
82.000,44.600,0.0,3.15,-1.30,-2.86
82.300,44.600,0.0,2.71,-0.02,-2.71
82.600,44.600,0.0,2.72,-0.29,-2.70
82.900,44.600,0.0,3.09,0.45,-3.06
83.200,44.600,0.0,2.95,-0.78,-2.84
83.500,44.600,0.0,3.20,-1.00,-3.04
83.800,44.600,0.0,3.09,1.07,-2.90
84.100,44.600,0.0,3.44,1.04,-3.28
84.400,44.600,0.0,3.39,-0.85,-3.28
84.700,44.600,0.0,2.81,-1.03,-2.61
85.000,44.600,0.0,3.19,1.19,-2.96
85.300,44.600,0.0,3.27,-0.33,-3.25
85.600,44.600,0.0,2.85,1.40,-2.49
85.900,44.600,0.0,2.96,0.21,-2.95
86.200,44.600,0.0,11.14,-3.98,-10.41
86.500,44.600,0.0,10.39,3.57,-9.76
86.800,44.600,0.0,11.60,5.79,-10.05
87.100,44.600,0.0,10.31,1.09,-10.26
87.400,44.600,0.0,12.56,-1.24,-12.50
87.700,44.600,0.0,11.82,5.55,-10.44
88.000,44.600,0.0,12.59,-1.66,-12.48
88.300,44.600,0.0,9.39,2.18,-9.14
88.600,44.600,0.0,9.41,-4.24,-8.40
88.900,44.600,0.0,9.01,-0.98,-8.96
89.200,44.600,0.0,10.90,5.43,-9.46
89.500,44.600,0.0,9.88,4.11,-8.98
89.800,44.600,0.0,9.42,2.27,-9.15
90.100,44.600,0.0,10.54,2.55,-10.23
90.400,44.600,0.0,10.16,1.45,-10.06
90.700,44.600,0.0,9.91,-3.38,-9.31
91.000,44.600,0.0,9.30,-0.87,-9.26
91.300,44.600,0.0,9.40,-2.18,-9.15
91.600,44.600,0.0,10.85,-1.27,-10.77
91.900,44.600,0.0,9.54,4.64,-8.33
92.200,44.600,0.0,9.12,-2.40,-8.80
92.500,44.600,0.0,9.37,-4.46,-8.24
92.800,44.600,0.0,9.04,0.63,-9.02
93.100,44.600,0.0,5.21,-0.17,-5.21
93.400,44.600,0.0,4.27,-1.45,-4.01
93.700,44.600,0.0,5.60,0.09,-5.60
94.000,44.600,0.0,5.93,-2.50,-5.37
94.300,44.600,0.0,5.11,-0.14,-5.11
94.600,44.600,0.0,4.53,2.23,-3.95
94.900,44.600,0.0,4.34,1.44,-4.09
95.200,44.600,0.0,4.43,1.34,-4.23
95.500,44.600,0.0,5.42,2.64,-4.74
95.800,44.600,0.0,5.25,1.89,-4.90
96.100,44.600,0.0,4.84,0.79,-4.77
96.400,44.600,0.0,5.58,0.80,-5.52
96.700,44.600,0.0,3.82,-1.33,-3.58
73.000,44.900,0.0,3.86,-0.85,-3.77
73.300,44.900,0.0,4.15,-0.29,-4.14
73.600,44.900,0.0,4.97,2.47,-4.31
73.900,44.900,0.0,5.69,-1.98,-5.34
74.200,44.900,0.0,4.48,2.19,-3.90
74.500,44.900,0.0,5.88,2.39,-5.37
74.800,44.900,0.0,5.64,0.30,-5.63
75.100,44.900,0.0,4.56,-1.95,-4.12
75.400,44.900,0.0,5.92,-0.72,-5.87
75.700,44.900,0.0,4.82,0.54,-4.79
76.000,44.900,0.0,5.89,-1.57,-5.68
76.300,44.900,0.0,4.26,0.57,-4.22
76.600,44.900,0.0,4.31,0.58,-4.28
76.900,44.900,0.0,4.63,-0.75,-4.57
77.200,44.900,0.0,4.97,-0.30,-4.96
77.500,44.900,0.0,4.49,0.96,-4.38
77.800,44.900,0.0,6.04,1.91,-5.73
78.100,44.900,0.0,4.87,-0.96,-4.78
78.400,44.900,0.0,5.01,-1.81,-4.67
78.700,44.900,0.0,5.45,-1.15,-5.33
79.000,44.900,0.0,4.47,-0.30,-4.46
79.300,44.900,0.0,5.73,1.60,-5.50
79.600,44.900,0.0,5.82,1.67,-5.58
79.900,44.900,0.0,6.22,1.25,-6.09
80.200,44.900,0.0,5.00,1.35,-4.82
80.500,44.900,0.0,4.88,0.21,-4.88
80.800,44.900,0.0,4.95,2.17,-4.44
81.100,44.900,0.0,5.50,-1.66,-5.24
81.400,44.900,0.0,4.70,-0.28,-4.69
81.700,44.900,0.0,6.34,0.52,-6.32
82.000,44.900,0.0,6.13,0.43,-6.11
82.300,44.900,0.0,4.84,-1.16,-4.70
82.600,44.900,0.0,5.32,0.56,-5.29
82.900,44.900,0.0,5.02,-0.62,-4.99
83.200,44.900,0.0,2.71,-0.49,-2.67
83.500,44.900,0.0,2.99,0.43,-2.96
83.800,44.900,0.0,3.42,0.49,-3.39
84.100,44.900,0.0,2.77,-1.24,-2.48
84.400,44.900,0.0,3.01,0.18,-3.00
84.700,44.900,0.0,3.40,1.61,-3.00
85.000,44.900,0.0,3.35,1.12,-3.15
85.300,44.900,0.0,5.45,-2.34,-4.93
85.600,44.900,0.0,10.72,4.88,-9.54
85.900,44.900,0.0,10.59,1.05,-10.53
86.200,44.900,0.0,11.56,-5.76,-10.02
86.500,44.900,0.0,10.88,-1.58,-10.77
86.800,44.900,0.0,12.47,-0.95,-12.43
87.100,44.900,0.0,12.42,-5.93,-10.91
87.400,44.900,0.0,10.02,3.88,-9.24
87.700,44.900,0.0,12.29,2.12,-12.11
88.000,44.900,0.0,10.38,-4.97,-9.12
88.300,44.900,0.0,9.01,2.27,-8.71
88.600,44.900,0.0,9.54,-3.10,-9.02
88.900,44.900,0.0,10.31,-0.41,-10.30
89.200,44.900,0.0,9.51,-4.67,-8.28
89.500,44.900,0.0,10.87,0.40,-10.87
89.800,44.900,0.0,9.68,-3.38,-9.07
90.100,44.900,0.0,10.72,-4.18,-9.87
90.400,44.900,0.0,9.58,3.54,-8.90
90.700,44.900,0.0,10.63,5.29,-9.22
91.000,44.900,0.0,9.58,-1.95,-9.38
91.300,44.900,0.0,10.00,3.20,-9.47
91.600,44.900,0.0,9.98,-3.23,-9.44
91.900,44.900,0.0,9.26,-0.84,-9.22
92.200,44.900,0.0,9.83,3.62,-9.14
92.500,44.900,0.0,9.07,3.70,-8.29
92.800,44.900,0.0,10.56,-2.12,-10.34
93.100,44.900,0.0,4.35,-0.11,-4.35
93.400,44.900,0.0,5.30,1.08,-5.19
93.700,44.900,0.0,5.31,0.34,-5.30
94.000,44.900,0.0,5.78,1.41,-5.60
94.300,44.900,0.0,5.40,2.36,-4.85
94.600,44.900,0.0,4.18,-0.45,-4.15
94.900,44.900,0.0,4.45,-1.62,-4.15
95.200,44.900,0.0,4.01,-0.84,-3.92
95.500,44.900,0.0,4.30,-1.03,-4.18
95.800,44.900,0.0,5.60,0.45,-5.58
96.100,44.900,0.0,5.61,-0.66,-5.58
96.400,44.900,0.0,5.33,2.44,-4.74
96.700,44.900,0.0,5.75,-1.08,-5.64
73.000,45.200,0.0,4.40,0.50,-4.37
73.300,45.200,0.0,4.57,2.16,-4.03
73.600,45.200,0.0,5.08,1.39,-4.89
73.900,45.200,0.0,4.09,-0.69,-4.03
74.200,45.200,0.0,5.72,-0.78,-5.66
74.500,45.200,0.0,4.78,-1.58,-4.51
74.800,45.200,0.0,5.94,-2.65,-5.32
75.100,45.200,0.0,5.76,-0.02,-5.76
75.400,45.200,0.0,4.60,-1.35,-4.40
75.700,45.200,0.0,5.68,-2.77,-4.96
76.000,45.200,0.0,4.64,-1.12,-4.50
76.300,45.200,0.0,5.33,-0.36,-5.32
76.600,45.200,0.0,4.66,0.65,-4.62
76.900,45.200,0.0,5.56,1.98,-5.20
77.200,45.200,0.0,4.45,-1.80,-4.07
77.500,45.200,0.0,6.13,1.88,-5.84
77.800,45.200,0.0,4.99,-0.06,-4.99
78.100,45.200,0.0,5.73,2.82,-4.99
78.400,45.200,0.0,5.40,2.54,-4.76
78.700,45.200,0.0,5.68,-0.59,-5.65
79.000,45.200,0.0,5.25,0.72,-5.20
79.300,45.200,0.0,5.77,1.11,-5.66
79.600,45.200,0.0,6.08,-2.81,-5.39
79.900,45.200,0.0,6.28,-2.59,-5.72
80.200,45.200,0.0,6.16,0.39,-6.15
80.500,45.200,0.0,6.25,1.55,-6.06
80.800,45.200,0.0,6.00,-2.28,-5.55
81.100,45.200,0.0,6.12,1.71,-5.87
81.400,45.200,0.0,6.30,1.44,-6.13
81.700,45.200,0.0,4.86,-0.24,-4.85
82.000,45.200,0.0,6.44,-1.91,-6.15
82.300,45.200,0.0,6.40,2.35,-5.95
82.600,45.200,0.0,6.13,-2.72,-5.50
82.900,45.200,0.0,5.06,1.35,-4.88
83.200,45.200,0.0,4.82,1.67,-4.52
83.500,45.200,0.0,4.95,-0.72,-4.90
83.800,45.200,0.0,5.73,-2.06,-5.35
84.100,45.200,0.0,5.03,1.67,-4.74
84.400,45.200,0.0,4.89,-2.28,-4.33
84.700,45.200,0.0,5.97,2.06,-5.60
85.000,45.200,0.0,5.78,0.90,-5.70
85.300,45.200,0.0,12.53,2.50,-12.28
85.600,45.200,0.0,11.68,3.73,-11.06
85.900,45.200,0.0,11.07,2.52,-10.78
86.200,45.200,0.0,10.92,2.33,-10.66
86.500,45.200,0.0,12.68,-5.81,-11.27
86.800,45.200,0.0,12.51,-3.99,-11.85
87.100,45.200,0.0,11.43,-4.57,-10.48
87.400,45.200,0.0,11.04,5.25,-9.71
87.700,45.200,0.0,10.92,4.86,-9.77
88.000,45.200,0.0,12.63,-1.21,-12.58
88.300,45.200,0.0,12.77,-2.25,-12.57
88.600,45.200,0.0,10.23,-1.37,-10.14
88.900,45.200,0.0,12.52,0.52,-12.51
89.200,45.200,0.0,10.08,4.63,-8.95
89.500,45.200,0.0,10.78,-1.86,-10.62
89.800,45.200,0.0,11.29,5.50,-9.87
90.100,45.200,0.0,10.03,3.11,-9.54
90.400,45.200,0.0,10.96,3.46,-10.40
90.700,45.200,0.0,11.40,-3.22,-10.94
91.000,45.200,0.0,4.64,-1.20,-4.48
91.300,45.200,0.0,4.57,0.28,-4.57
91.600,45.200,0.0,5.87,1.42,-5.69
91.900,45.200,0.0,4.50,2.16,-3.95
92.200,45.200,0.0,4.78,-1.71,-4.46
92.500,45.200,0.0,4.61,0.53,-4.58
92.800,45.200,0.0,5.85,2.67,-5.20
93.100,45.200,0.0,4.20,-0.79,-4.13
93.400,45.200,0.0,5.76,-0.33,-5.75
93.700,45.200,0.0,4.51,0.90,-4.42
94.000,45.200,0.0,5.33,1.78,-5.03
94.300,45.200,0.0,5.03,2.02,-4.60
94.600,45.200,0.0,4.61,-1.96,-4.18
94.900,45.200,0.0,5.09,-2.10,-4.63
95.200,45.200,0.0,4.05,-1.23,-3.86
95.500,45.200,0.0,5.77,-1.89,-5.45
95.800,45.200,0.0,5.44,-1.47,-5.23
96.100,45.200,0.0,4.44,-0.20,-4.44
96.400,45.200,0.0,4.47,-2.05,-3.98
96.700,45.200,0.0,3.83,0.81,-3.75
73.000,45.500,0.0,5.70,0.88,-5.63
73.300,45.500,0.0,4.04,-1.62,-3.70
73.600,45.500,0.0,5.34,-0.32,-5.34
73.900,45.500,0.0,4.56,-1.64,-4.25
74.200,45.500,0.0,4.78,-0.79,-4.71
74.500,45.500,0.0,5.63,0.16,-5.63
74.800,45.500,0.0,4.16,0.42,-4.14
75.100,45.500,0.0,4.11,1.87,-3.66
75.400,45.500,0.0,5.33,-0.43,-5.31
75.700,45.500,0.0,5.76,-2.04,-5.39
76.000,45.500,0.0,5.49,1.13,-5.37
76.300,45.500,0.0,5.55,-1.80,-5.25
76.600,45.500,0.0,5.13,-2.31,-4.58
76.900,45.500,0.0,5.11,-2.37,-4.53
77.200,45.500,0.0,5.96,0.75,-5.91
77.500,45.500,0.0,6.00,0.48,-5.98
77.800,45.500,0.0,5.01,1.39,-4.81
78.100,45.500,0.0,5.66,0.34,-5.65
78.400,45.500,0.0,4.54,2.02,-4.07
78.700,45.500,0.0,4.39,0.53,-4.36
79.000,45.500,0.0,4.39,1.82,-4.00
79.300,45.500,0.0,5.52,2.61,-4.87
79.600,45.500,0.0,5.60,0.13,-5.60
79.900,45.500,0.0,6.26,1.79,-6.00
80.200,45.500,0.0,6.43,0.47,-6.41
80.500,45.500,0.0,6.26,-1.66,-6.04
80.800,45.500,0.0,5.51,-1.73,-5.23
81.100,45.500,0.0,5.26,0.29,-5.25
81.400,45.500,0.0,4.79,1.92,-4.38
81.700,45.500,0.0,5.81,-1.06,-5.72
82.000,45.500,0.0,5.99,-0.60,-5.96
82.300,45.500,0.0,6.10,3.04,-5.29
82.600,45.500,0.0,4.93,1.12,-4.80
82.900,45.500,0.0,5.08,2.44,-4.46
83.200,45.500,0.0,4.98,-1.52,-4.74
83.500,45.500,0.0,5.70,-1.81,-5.41
83.800,45.500,0.0,5.95,-1.50,-5.75
84.100,45.500,0.0,5.58,1.03,-5.48
84.400,45.500,0.0,5.49,-2.02,-5.11
84.700,45.500,0.0,5.63,-0.40,-5.62
85.000,45.500,0.0,10.85,-0.03,-10.85
85.300,45.500,0.0,11.29,-4.99,-10.12
85.600,45.500,0.0,10.52,-1.89,-10.34
85.900,45.500,0.0,11.65,-5.41,-10.32
86.200,45.500,0.0,10.55,5.18,-9.19
86.500,45.500,0.0,11.44,5.55,-10.01
86.800,45.500,0.0,10.37,-2.71,-10.01
87.100,45.500,0.0,11.55,-0.61,-11.53
87.400,45.500,0.0,10.77,-1.74,-10.63
87.700,45.500,0.0,11.14,-4.34,-10.26
88.000,45.500,0.0,12.31,3.24,-11.87
88.300,45.500,0.0,12.22,-0.49,-12.21
88.600,45.500,0.0,11.70,-2.71,-11.38
88.900,45.500,0.0,10.71,-4.03,-9.92
89.200,45.500,0.0,10.81,4.08,-10.01
89.500,45.500,0.0,10.05,0.10,-10.05
89.800,45.500,0.0,12.08,2.99,-11.70
90.100,45.500,0.0,10.27,-4.01,-9.45
90.400,45.500,0.0,11.05,0.80,-11.02
90.700,45.500,0.0,12.45,-3.65,-11.90
91.000,45.500,0.0,11.13,0.64,-11.12
91.300,45.500,0.0,6.12,0.69,-6.08
91.600,45.500,0.0,4.60,-0.94,-4.50
91.900,45.500,0.0,4.84,-0.31,-4.83
92.200,45.500,0.0,4.80,-0.05,-4.80
92.500,45.500,0.0,5.83,-2.54,-5.25
92.800,45.500,0.0,6.06,-0.62,-6.02
93.100,45.500,0.0,5.90,-0.45,-5.88
93.400,45.500,0.0,5.55,0.29,-5.55
93.700,45.500,0.0,5.82,2.37,-5.31
94.000,45.500,0.0,4.77,-0.56,-4.74
94.300,45.500,0.0,5.04,-0.88,-4.97
94.600,45.500,0.0,4.30,-1.43,-4.05
94.900,45.500,0.0,4.00,1.72,-3.61
95.200,45.500,0.0,4.60,-1.33,-4.40
95.500,45.500,0.0,4.70,2.09,-4.21
95.800,45.500,0.0,5.85,2.07,-5.47
96.100,45.500,0.0,5.70,0.65,-5.66
96.400,45.500,0.0,5.66,0.89,-5.59
96.700,45.500,0.0,5.71,-1.01,-5.62
73.000,45.800,0.0,5.22,-1.39,-5.03
73.300,45.800,0.0,5.47,0.95,-5.39
73.600,45.800,0.0,4.82,-0.04,-4.82
73.900,45.800,0.0,4.57,0.30,-4.56
74.200,45.800,0.0,5.42,-0.99,-5.33
74.500,45.800,0.0,5.18,-2.12,-4.73
74.800,45.800,0.0,5.23,-0.47,-5.21
75.100,45.800,0.0,5.21,0.56,-5.18
75.400,45.800,0.0,5.22,-1.37,-5.04
75.700,45.800,0.0,5.63,-0.55,-5.60
76.000,45.800,0.0,5.46,-2.36,-4.92
76.300,45.800,0.0,4.26,-0.00,-4.26
76.600,45.800,0.0,4.21,-1.76,-3.82
76.900,45.800,0.0,5.16,1.92,-4.79
77.200,45.800,0.0,4.32,-1.78,-3.94
77.500,45.800,0.0,4.34,1.37,-4.12
77.800,45.800,0.0,4.34,1.79,-3.95
78.100,45.800,0.0,5.35,-0.89,-5.27
78.400,45.800,0.0,4.38,1.67,-4.05
78.700,45.800,0.0,5.51,0.58,-5.48
79.000,45.800,0.0,5.85,0.65,-5.81
79.300,45.800,0.0,5.14,-1.86,-4.79
79.600,45.800,0.0,6.22,2.72,-5.59
79.900,45.800,0.0,5.13,0.94,-5.05
80.200,45.800,0.0,4.46,0.28,-4.46
80.500,45.800,0.0,6.37,-1.91,-6.07
80.800,45.800,0.0,5.97,0.63,-5.94
81.100,45.800,0.0,4.77,-0.42,-4.75
81.400,45.800,0.0,6.53,-2.87,-5.86
81.700,45.800,0.0,5.02,1.02,-4.91
82.000,45.800,0.0,6.57,-0.84,-6.52
82.300,45.800,0.0,6.19,2.99,-5.41
82.600,45.800,0.0,6.10,-0.35,-6.09
82.900,45.800,0.0,5.14,1.61,-4.88
83.200,45.800,0.0,5.89,1.71,-5.64
83.500,45.800,0.0,6.12,2.14,-5.74
83.800,45.800,0.0,5.91,1.10,-5.81
84.100,45.800,0.0,5.91,-2.66,-5.28
84.400,45.800,0.0,6.65,-0.64,-6.62
84.700,45.800,0.0,10.54,3.15,-10.06
85.000,45.800,0.0,11.60,-5.20,-10.37
85.300,45.800,0.0,10.35,-4.31,-9.41
85.600,45.800,0.0,12.04,5.70,-10.61
85.900,45.800,0.0,10.35,-2.34,-10.08
86.200,45.800,0.0,12.59,-2.21,-12.39
86.500,45.800,0.0,10.39,3.99,-9.59
86.800,45.800,0.0,12.80,1.31,-12.73
87.100,45.800,0.0,12.87,-4.36,-12.11
87.400,45.800,0.0,12.54,-6.12,-10.95
87.700,45.800,0.0,12.89,2.59,-12.63
88.000,45.800,0.0,11.15,-0.31,-11.15
88.300,45.800,0.0,10.10,-1.22,-10.02
88.600,45.800,0.0,10.53,1.25,-10.45
88.900,45.800,0.0,11.56,-1.11,-11.51
89.200,45.800,0.0,11.29,-2.23,-11.07
89.500,45.800,0.0,12.51,-0.56,-12.50
89.800,45.800,0.0,10.50,-1.03,-10.45
90.100,45.800,0.0,12.76,5.53,-11.50
90.400,45.800,0.0,11.19,-1.71,-11.06
90.700,45.800,0.0,10.63,5.21,-9.26
91.000,45.800,0.0,10.77,-2.38,-10.50
91.300,45.800,0.0,10.66,-5.26,-9.27
91.600,45.800,0.0,4.62,-1.50,-4.37
91.900,45.800,0.0,4.48,-1.49,-4.23
92.200,45.800,0.0,4.77,-0.97,-4.67
92.500,45.800,0.0,5.81,-2.83,-5.08
92.800,45.800,0.0,4.18,0.01,-4.18
93.100,45.800,0.0,5.80,1.11,-5.69
93.400,45.800,0.0,5.37,-2.68,-4.66
93.700,45.800,0.0,5.54,0.96,-5.46
94.000,45.800,0.0,4.14,1.10,-3.99
94.300,45.800,0.0,5.80,-1.03,-5.70
94.600,45.800,0.0,4.34,-0.95,-4.24
94.900,45.800,0.0,4.36,0.53,-4.32
95.200,45.800,0.0,3.94,-0.70,-3.88
95.500,45.800,0.0,4.67,1.87,-4.28
95.800,45.800,0.0,4.20,-0.35,-4.19
96.100,45.800,0.0,4.65,-0.15,-4.64
96.400,45.800,0.0,5.37,1.35,-5.20
96.700,45.800,0.0,4.59,2.21,-4.02
73.000,46.100,0.0,5.15,1.59,-4.90
73.300,46.100,0.0,5.17,2.40,-4.58
73.600,46.100,0.0,3.93,-1.15,-3.75
73.900,46.100,0.0,4.32,0.69,-4.26
74.200,46.100,0.0,4.33,-0.64,-4.28
74.500,46.100,0.0,5.22,-0.17,-5.22
74.800,46.100,0.0,5.38,0.80,-5.32
75.100,46.100,0.0,5.34,0.99,-5.25
75.400,46.100,0.0,5.25,2.37,-4.69
75.700,46.100,0.0,4.44,-1.33,-4.24
76.000,46.100,0.0,5.77,-0.66,-5.73
76.300,46.100,0.0,4.17,-1.88,-3.72
76.600,46.100,0.0,4.81,-1.88,-4.43
76.900,46.100,0.0,5.16,0.53,-5.14
77.200,46.100,0.0,5.77,1.06,-5.67
77.500,46.100,0.0,5.23,-0.36,-5.22
77.800,46.100,0.0,5.86,-0.78,-5.80
78.100,46.100,0.0,5.59,2.11,-5.18
78.400,46.100,0.0,5.16,-1.04,-5.06
78.700,46.100,0.0,4.76,0.24,-4.75
79.000,46.100,0.0,6.17,0.63,-6.13
79.300,46.100,0.0,5.24,-0.56,-5.21
79.600,46.100,0.0,5.09,-2.49,-4.43
79.900,46.100,0.0,5.69,-1.22,-5.56
80.200,46.100,0.0,4.51,1.91,-4.08
80.500,46.100,0.0,5.82,2.33,-5.33
80.800,46.100,0.0,5.13,-0.78,-5.07
81.100,46.100,0.0,5.50,2.39,-4.95
81.400,46.100,0.0,5.48,-0.05,-5.48
81.700,46.100,0.0,6.19,-1.15,-6.08
82.000,46.100,0.0,5.41,1.12,-5.29
82.300,46.100,0.0,5.17,-0.16,-5.17
82.600,46.100,0.0,6.59,-2.24,-6.20
82.900,46.100,0.0,5.53,-2.18,-5.09
83.200,46.100,0.0,5.38,2.28,-4.87
83.500,46.100,0.0,6.50,2.67,-5.92
83.800,46.100,0.0,6.03,-0.89,-5.96
84.100,46.100,0.0,4.88,-2.28,-4.32
84.400,46.100,0.0,6.40,-2.12,-6.04
84.700,46.100,0.0,10.56,3.61,-9.93
85.000,46.100,0.0,10.74,2.48,-10.45
85.300,46.100,0.0,11.59,3.69,-10.99
85.600,46.100,0.0,12.40,0.66,-12.39
85.900,46.100,0.0,12.93,3.42,-12.47
86.200,46.100,0.0,10.76,-5.05,-9.50
86.500,46.100,0.0,12.96,5.51,-11.73
86.800,46.100,0.0,10.25,-4.14,-9.37
87.100,46.100,0.0,10.07,-1.27,-9.99
87.400,46.100,0.0,10.09,-2.42,-9.80
87.700,46.100,0.0,12.07,2.95,-11.70
88.000,46.100,0.0,11.50,-3.95,-10.80
88.300,46.100,0.0,10.69,3.11,-10.23
88.600,46.100,0.0,10.39,-0.38,-10.38
88.900,46.100,0.0,10.29,1.80,-10.13
89.200,46.100,0.0,11.25,4.33,-10.38
89.500,46.100,0.0,10.36,1.05,-10.31
89.800,46.100,0.0,10.84,4.96,-9.64
90.100,46.100,0.0,11.67,2.55,-11.39
90.400,46.100,0.0,12.98,-4.57,-12.15
90.700,46.100,0.0,12.46,5.39,-11.24
91.000,46.100,0.0,12.04,4.79,-11.05
91.300,46.100,0.0,12.25,-4.46,-11.41
91.600,46.100,0.0,5.45,-2.17,-5.00
91.900,46.100,0.0,5.71,0.91,-5.64
92.200,46.100,0.0,6.04,-1.34,-5.89
92.500,46.100,0.0,5.85,1.14,-5.74
92.800,46.100,0.0,4.97,-2.41,-4.34
93.100,46.100,0.0,5.03,0.30,-5.02
93.400,46.100,0.0,4.77,-0.08,-4.77
93.700,46.100,0.0,5.89,2.62,-5.27
94.000,46.100,0.0,4.40,-1.99,-3.92
94.300,46.100,0.0,5.78,1.95,-5.44
94.600,46.100,0.0,4.86,2.28,-4.29
94.900,46.100,0.0,4.84,-0.41,-4.83
95.200,46.100,0.0,4.47,-1.64,-4.16
95.500,46.100,0.0,5.65,-2.12,-5.24
95.800,46.100,0.0,4.28,0.65,-4.23
96.100,46.100,0.0,5.77,-0.04,-5.77
96.400,46.100,0.0,4.09,-1.09,-3.94
96.700,46.100,0.0,4.36,1.77,-3.99
73.000,46.400,0.0,4.07,-1.82,-3.64
73.300,46.400,0.0,4.71,-2.28,-4.11
73.600,46.400,0.0,3.96,-0.77,-3.89
73.900,46.400,0.0,5.29,1.68,-5.02
74.200,46.400,0.0,4.67,-1.65,-4.37
74.500,46.400,0.0,5.21,-0.41,-5.19
74.800,46.400,0.0,5.78,0.84,-5.72
75.100,46.400,0.0,5.03,-1.06,-4.91
75.400,46.400,0.0,4.51,-2.13,-3.97
75.700,46.400,0.0,5.55,2.21,-5.09
76.000,46.400,0.0,4.10,1.84,-3.67
76.300,46.400,0.0,4.59,-1.35,-4.38
76.600,46.400,0.0,5.57,0.96,-5.49
76.900,46.400,0.0,5.92,-1.55,-5.72
77.200,46.400,0.0,4.84,1.18,-4.69
77.500,46.400,0.0,4.90,-1.41,-4.69
77.800,46.400,0.0,4.87,1.56,-4.61
78.100,46.400,0.0,5.76,-0.34,-5.75
78.400,46.400,0.0,6.02,1.48,-5.83
78.700,46.400,0.0,4.32,-1.44,-4.07
79.000,46.400,0.0,6.07,0.09,-6.07
79.300,46.400,0.0,4.42,-1.32,-4.22
79.600,46.400,0.0,5.82,1.17,-5.70
79.900,46.400,0.0,4.87,-1.85,-4.51
80.200,46.400,0.0,5.08,2.31,-4.52
80.500,46.400,0.0,6.32,-2.37,-5.86
80.800,46.400,0.0,6.38,-3.15,-5.55
81.100,46.400,0.0,4.96,-0.43,-4.94
81.400,46.400,0.0,5.23,-2.08,-4.80
81.700,46.400,0.0,5.35,0.96,-5.27
82.000,46.400,0.0,6.54,-2.40,-6.09
82.300,46.400,0.0,5.24,-1.96,-4.86
82.600,46.400,0.0,6.13,-2.05,-5.78
82.900,46.400,0.0,6.21,1.11,-6.11
83.200,46.400,0.0,6.37,1.82,-6.10
83.500,46.400,0.0,5.20,-0.80,-5.14
83.800,46.400,0.0,6.45,2.11,-6.09
84.100,46.400,0.0,5.95,-0.47,-5.93
84.400,46.400,0.0,11.50,-3.98,-10.79
84.700,46.400,0.0,10.37,-0.38,-10.36
85.000,46.400,0.0,11.48,-3.76,-10.85
85.300,46.400,0.0,11.77,1.73,-11.64
85.600,46.400,0.0,12.43,4.95,-11.40
85.900,46.400,0.0,11.61,-3.28,-11.14
86.200,46.400,0.0,12.07,5.25,-10.87
86.500,46.400,0.0,12.52,4.40,-11.72
86.800,46.400,0.0,11.54,-0.35,-11.53
87.100,46.400,0.0,11.63,-5.53,-10.23
87.400,46.400,0.0,12.34,-0.61,-12.33
87.700,46.400,0.0,11.31,2.07,-11.12
88.000,46.400,0.0,11.65,5.07,-10.49
88.300,46.400,0.0,12.91,6.12,-11.36
88.600,46.400,0.0,12.94,-6.26,-11.32
88.900,46.400,0.0,12.31,1.35,-12.24
89.200,46.400,0.0,11.42,2.01,-11.24
89.500,46.400,0.0,10.77,5.23,-9.41
89.800,46.400,0.0,12.93,-4.40,-12.16
90.100,46.400,0.0,12.15,-1.38,-12.07
90.400,46.400,0.0,10.99,5.12,-9.72
90.700,46.400,0.0,12.96,5.95,-11.52
91.000,46.400,0.0,12.30,2.31,-12.08
91.300,46.400,0.0,11.92,0.25,-11.92
91.600,46.400,0.0,10.98,4.23,-10.13
91.900,46.400,0.0,4.45,1.76,-4.08
92.200,46.400,0.0,4.46,-0.00,-4.46
92.500,46.400,0.0,4.61,-2.12,-4.09
92.800,46.400,0.0,4.85,-1.82,-4.50
93.100,46.400,0.0,4.14,0.52,-4.11
93.400,46.400,0.0,5.17,-0.11,-5.17
93.700,46.400,0.0,5.98,1.67,-5.74
94.000,46.400,0.0,4.96,1.49,-4.73
94.300,46.400,0.0,5.74,0.69,-5.70
94.600,46.400,0.0,4.06,0.88,-3.97
94.900,46.400,0.0,5.75,-0.84,-5.69
95.200,46.400,0.0,4.95,-1.58,-4.69
95.500,46.400,0.0,4.76,-2.11,-4.27
95.800,46.400,0.0,3.90,1.61,-3.55
96.100,46.400,0.0,4.11,-0.13,-4.11
96.400,46.400,0.0,5.24,0.21,-5.23
96.700,46.400,0.0,5.74,-0.31,-5.73
73.000,46.700,0.0,4.63,0.56,-4.60
73.300,46.700,0.0,5.53,1.79,-5.23
73.600,46.700,0.0,5.76,1.95,-5.43
73.900,46.700,0.0,3.94,-0.58,-3.90
74.200,46.700,0.0,4.03,-0.38,-4.02
74.500,46.700,0.0,3.89,0.99,-3.77
74.800,46.700,0.0,4.87,0.20,-4.86
75.100,46.700,0.0,4.66,1.17,-4.51
75.400,46.700,0.0,5.23,-1.68,-4.95
75.700,46.700,0.0,5.76,-1.76,-5.49
76.000,46.700,0.0,5.98,-0.87,-5.92
76.300,46.700,0.0,4.55,-1.41,-4.32
76.600,46.700,0.0,5.10,1.24,-4.95
76.900,46.700,0.0,4.63,2.01,-4.18
77.200,46.700,0.0,5.96,-1.87,-5.66
77.500,46.700,0.0,4.72,-0.26,-4.72
77.800,46.700,0.0,4.48,-1.67,-4.16
78.100,46.700,0.0,6.06,-2.61,-5.47
78.400,46.700,0.0,6.06,1.49,-5.88
78.700,46.700,0.0,5.58,-2.35,-5.06
79.000,46.700,0.0,4.89,2.23,-4.35
79.300,46.700,0.0,5.83,-2.85,-5.09
79.600,46.700,0.0,4.91,-1.81,-4.56
79.900,46.700,0.0,6.29,0.04,-6.29
80.200,46.700,0.0,5.35,0.10,-5.35
80.500,46.700,0.0,4.71,-0.45,-4.68
80.800,46.700,0.0,6.06,-2.68,-5.43
81.100,46.700,0.0,5.76,-2.42,-5.22
81.400,46.700,0.0,4.52,1.73,-4.17
81.700,46.700,0.0,4.91,0.50,-4.88
82.000,46.700,0.0,5.30,-2.27,-4.79
82.300,46.700,0.0,4.56,1.28,-4.38
82.600,46.700,0.0,4.89,0.31,-4.88
82.900,46.700,0.0,5.88,1.07,-5.78
83.200,46.700,0.0,6.45,-1.65,-6.24
83.500,46.700,0.0,5.42,1.41,-5.23
83.800,46.700,0.0,6.16,2.08,-5.79
84.100,46.700,0.0,5.93,-1.55,-5.72
84.400,46.700,0.0,11.39,3.99,-10.67
84.700,46.700,0.0,12.64,3.66,-12.10
85.000,46.700,0.0,10.41,2.23,-10.17
85.300,46.700,0.0,11.76,1.22,-11.69
85.600,46.700,0.0,11.08,-1.44,-10.99
85.900,46.700,0.0,12.21,5.21,-11.04
86.200,46.700,0.0,12.87,-3.23,-12.46
86.500,46.700,0.0,12.34,-5.36,-11.11
86.800,46.700,0.0,11.55,0.24,-11.55
87.100,46.700,0.0,12.66,-0.59,-12.64
87.400,46.700,0.0,11.04,-5.31,-9.68
87.700,46.700,0.0,12.39,2.84,-12.06
88.000,46.700,0.0,11.57,-1.38,-11.49
88.300,46.700,0.0,11.33,3.01,-10.92
88.600,46.700,0.0,11.87,1.14,-11.82
88.900,46.700,0.0,11.61,2.50,-11.34
89.200,46.700,0.0,12.04,-0.59,-12.02
89.500,46.700,0.0,11.29,-2.99,-10.88
89.800,46.700,0.0,11.61,-4.17,-10.84
90.100,46.700,0.0,12.15,-0.38,-12.15
90.400,46.700,0.0,11.82,4.07,-11.09
90.700,46.700,0.0,12.00,-4.43,-11.15
91.000,46.700,0.0,12.26,-5.20,-11.10
91.300,46.700,0.0,10.04,-1.67,-9.90
91.600,46.700,0.0,11.38,2.31,-11.14
91.900,46.700,0.0,4.93,-2.15,-4.44
92.200,46.700,0.0,5.00,2.35,-4.41
92.500,46.700,0.0,5.19,0.61,-5.16
92.800,46.700,0.0,5.03,1.97,-4.62
93.100,46.700,0.0,5.92,-1.32,-5.77
93.400,46.700,0.0,5.95,0.64,-5.92
93.700,46.700,0.0,5.13,1.90,-4.76
94.000,46.700,0.0,5.83,0.10,-5.83
94.300,46.700,0.0,4.46,0.25,-4.45
94.600,46.700,0.0,5.61,0.84,-5.54
94.900,46.700,0.0,4.69,0.49,-4.66
95.200,46.700,0.0,5.82,0.74,-5.78
95.500,46.700,0.0,4.70,0.29,-4.69
95.800,46.700,0.0,4.00,0.54,-3.96
96.100,46.700,0.0,5.79,1.91,-5.47
96.400,46.700,0.0,4.33,1.29,-4.14
96.700,46.700,0.0,5.07,0.53,-5.04
73.000,47.000,0.0,4.94,-2.08,-4.47
73.300,47.000,0.0,5.54,0.56,-5.52
73.600,47.000,0.0,3.97,0.99,-3.84
73.900,47.000,0.0,5.19,0.50,-5.17
74.200,47.000,0.0,4.92,-1.19,-4.77
74.500,47.000,0.0,5.39,-0.84,-5.33
74.800,47.000,0.0,5.58,0.92,-5.50
75.100,47.000,0.0,5.68,2.32,-5.19
75.400,47.000,0.0,4.60,-0.73,-4.54
75.700,47.000,0.0,4.05,-1.48,-3.77
76.000,47.000,0.0,5.22,0.81,-5.16
76.300,47.000,0.0,5.02,-2.39,-4.42
76.600,47.000,0.0,4.68,-0.55,-4.65
76.900,47.000,0.0,5.85,0.26,-5.84
77.200,47.000,0.0,5.87,2.77,-5.17
77.500,47.000,0.0,4.82,-1.79,-4.48
77.800,47.000,0.0,4.77,2.35,-4.14
78.100,47.000,0.0,5.90,-1.06,-5.80
78.400,47.000,0.0,5.22,2.40,-4.63
78.700,47.000,0.0,4.30,1.22,-4.13
79.000,47.000,0.0,4.36,0.26,-4.35
79.300,47.000,0.0,6.10,-0.10,-6.10
79.600,47.000,0.0,6.07,-1.22,-5.95
79.900,47.000,0.0,5.53,-1.77,-5.24
80.200,47.000,0.0,6.23,-0.02,-6.23
80.500,47.000,0.0,6.39,2.75,-5.76
80.800,47.000,0.0,4.61,-2.11,-4.09
81.100,47.000,0.0,4.68,1.33,-4.49
81.400,47.000,0.0,4.56,1.64,-4.25
81.700,47.000,0.0,6.01,-2.72,-5.36
82.000,47.000,0.0,5.63,-2.15,-5.20
82.300,47.000,0.0,6.07,0.91,-6.01
82.600,47.000,0.0,6.03,2.76,-5.36
82.900,47.000,0.0,5.37,-1.65,-5.11
83.200,47.000,0.0,6.56,1.89,-6.28
83.500,47.000,0.0,6.46,-0.28,-6.45
83.800,47.000,0.0,4.99,-0.57,-4.96
84.100,47.000,0.0,6.32,-1.49,-6.14
84.400,47.000,0.0,11.26,-4.80,-10.19
84.700,47.000,0.0,10.60,2.06,-10.40
85.000,47.000,0.0,12.75,4.27,-12.02
85.300,47.000,0.0,11.30,4.43,-10.39
85.600,47.000,0.0,10.29,-0.29,-10.28
85.900,47.000,0.0,11.37,-4.61,-10.40
86.200,47.000,0.0,11.99,2.61,-11.70
86.500,47.000,0.0,10.73,2.54,-10.42
86.800,47.000,0.0,11.09,-4.94,-9.93
87.100,47.000,0.0,11.21,-5.44,-9.80
87.400,47.000,0.0,11.95,5.73,-10.49
87.700,47.000,0.0,11.56,-5.26,-10.30
88.000,47.000,0.0,10.98,-2.56,-10.68
88.300,47.000,0.0,10.91,-1.41,-10.82
88.600,47.000,0.0,12.96,6.25,-11.36
88.900,47.000,0.0,10.86,-2.77,-10.50
89.200,47.000,0.0,11.43,2.56,-11.14
89.500,47.000,0.0,12.14,4.68,-11.20
89.800,47.000,0.0,10.55,2.62,-10.22
90.100,47.000,0.0,12.61,-1.85,-12.47
90.400,47.000,0.0,12.72,4.49,-11.90
90.700,47.000,0.0,11.42,-0.34,-11.41
91.000,47.000,0.0,11.47,3.94,-10.77
91.300,47.000,0.0,11.01,0.15,-11.01
91.600,47.000,0.0,12.33,-2.37,-12.10
91.900,47.000,0.0,4.67,-0.65,-4.63
92.200,47.000,0.0,4.47,0.74,-4.41
92.500,47.000,0.0,4.29,1.20,-4.12
92.800,47.000,0.0,6.11,1.38,-5.95
93.100,47.000,0.0,4.35,0.99,-4.24
93.400,47.000,0.0,4.69,1.14,-4.55
93.700,47.000,0.0,4.63,-0.63,-4.58
94.000,47.000,0.0,4.06,-1.56,-3.74
94.300,47.000,0.0,5.91,-0.39,-5.90
94.600,47.000,0.0,5.78,1.86,-5.47
94.900,47.000,0.0,5.49,-1.15,-5.37
95.200,47.000,0.0,4.65,-1.49,-4.41
95.500,47.000,0.0,4.98,1.91,-4.60
95.800,47.000,0.0,5.42,1.23,-5.28
96.100,47.000,0.0,4.49,1.31,-4.29
96.400,47.000,0.0,4.51,-1.92,-4.08
96.700,47.000,0.0,5.71,2.59,-5.09
73.000,47.300,0.0,5.00,-0.64,-4.96
73.300,47.300,0.0,5.02,-0.51,-4.99
73.600,47.300,0.0,4.30,0.76,-4.23
73.900,47.300,0.0,4.60,-1.44,-4.37
74.200,47.300,0.0,3.93,0.71,-3.86
74.500,47.300,0.0,4.22,-1.90,-3.77
74.800,47.300,0.0,5.33,-0.44,-5.31
75.100,47.300,0.0,4.35,-1.19,-4.18
75.400,47.300,0.0,5.05,0.44,-5.03
75.700,47.300,0.0,5.64,0.99,-5.55
76.000,47.300,0.0,4.58,-1.54,-4.31
76.300,47.300,0.0,4.44,0.87,-4.35
76.600,47.300,0.0,4.07,2.02,-3.54
76.900,47.300,0.0,4.96,0.91,-4.88
77.200,47.300,0.0,5.24,-1.87,-4.89
77.500,47.300,0.0,5.25,-2.40,-4.67
77.800,47.300,0.0,5.31,1.72,-5.02
78.100,47.300,0.0,4.44,-1.46,-4.19
78.400,47.300,0.0,4.21,-0.23,-4.21
78.700,47.300,0.0,4.42,0.98,-4.31
79.000,47.300,0.0,6.10,0.49,-6.08
79.300,47.300,0.0,5.18,1.67,-4.90
79.600,47.300,0.0,5.15,-0.77,-5.09
79.900,47.300,0.0,4.83,1.99,-4.40
80.200,47.300,0.0,5.09,0.02,-5.09
80.500,47.300,0.0,6.24,-2.80,-5.58
80.800,47.300,0.0,6.15,0.93,-6.08
81.100,47.300,0.0,5.92,-1.73,-5.66
81.400,47.300,0.0,4.94,0.86,-4.87
81.700,47.300,0.0,6.23,-1.26,-6.10
82.000,47.300,0.0,6.20,0.23,-6.19
82.300,47.300,0.0,5.36,-1.78,-5.05
82.600,47.300,0.0,4.64,0.69,-4.59
82.900,47.300,0.0,4.66,1.98,-4.21
83.200,47.300,0.0,6.49,1.43,-6.33
83.500,47.300,0.0,5.38,-1.90,-5.03
83.800,47.300,0.0,5.41,-0.73,-5.36
84.100,47.300,0.0,10.89,4.31,-10.00
84.400,47.300,0.0,12.42,0.35,-12.42
84.700,47.300,0.0,12.47,-0.24,-12.47
85.000,47.300,0.0,11.72,4.33,-10.89
85.300,47.300,0.0,11.18,4.13,-10.39
85.600,47.300,0.0,10.18,-3.57,-9.53
85.900,47.300,0.0,12.36,-4.98,-11.32
86.200,47.300,0.0,12.05,2.12,-11.86
86.500,47.300,0.0,11.34,-5.01,-10.17
86.800,47.300,0.0,11.91,-4.94,-10.84
87.100,47.300,0.0,10.14,2.25,-9.88
87.400,47.300,0.0,12.49,3.27,-12.06
87.700,47.300,0.0,10.35,-4.90,-9.11
88.000,47.300,0.0,12.91,-3.78,-12.35
88.300,47.300,0.0,10.14,-4.29,-9.19
88.600,47.300,0.0,12.25,-4.51,-11.39
88.900,47.300,0.0,10.65,-0.91,-10.61
89.200,47.300,0.0,10.24,0.60,-10.23
89.500,47.300,0.0,11.75,-1.10,-11.70
89.800,47.300,0.0,12.30,-3.41,-11.81
90.100,47.300,0.0,10.34,-1.65,-10.21
90.400,47.300,0.0,12.06,-2.05,-11.89
90.700,47.300,0.0,11.33,-3.53,-10.76
91.000,47.300,0.0,11.66,-3.99,-10.95
91.300,47.300,0.0,10.28,-1.87,-10.10
91.600,47.300,0.0,11.17,-5.39,-9.79
91.900,47.300,0.0,11.97,-2.46,-11.72
92.200,47.300,0.0,4.26,0.55,-4.22
92.500,47.300,0.0,5.79,0.95,-5.71
92.800,47.300,0.0,5.51,-2.35,-4.98
93.100,47.300,0.0,4.82,1.07,-4.70
93.400,47.300,0.0,5.93,-1.58,-5.72
93.700,47.300,0.0,5.96,-2.19,-5.55
94.000,47.300,0.0,4.82,-0.32,-4.81
94.300,47.300,0.0,4.64,0.07,-4.64
94.600,47.300,0.0,4.95,2.31,-4.38
94.900,47.300,0.0,5.26,1.96,-4.88
95.200,47.300,0.0,4.01,-1.27,-3.81
95.500,47.300,0.0,5.23,0.55,-5.20
95.800,47.300,0.0,5.22,2.47,-4.60
96.100,47.300,0.0,4.69,0.92,-4.59
96.400,47.300,0.0,4.76,1.30,-4.58
96.700,47.300,0.0,5.37,0.50,-5.35
73.000,47.600,0.0,5.30,0.16,-5.30
73.300,47.600,0.0,5.67,1.53,-5.46
73.600,47.600,0.0,4.31,-1.86,-3.89
73.900,47.600,0.0,4.37,-1.99,-3.89
74.200,47.600,0.0,4.31,-1.24,-4.13
74.500,47.600,0.0,4.61,-0.84,-4.53
74.800,47.600,0.0,4.29,-0.02,-4.29
75.100,47.600,0.0,4.34,-0.28,-4.33
75.400,47.600,0.0,4.33,0.15,-4.32
75.700,47.600,0.0,4.25,-1.82,-3.84
76.000,47.600,0.0,5.50,-0.66,-5.46
76.300,47.600,0.0,4.92,2.25,-4.38
76.600,47.600,0.0,4.48,0.10,-4.48
76.900,47.600,0.0,5.06,2.17,-4.57
77.200,47.600,0.0,6.03,-0.14,-6.03
77.500,47.600,0.0,5.68,0.41,-5.66
77.800,47.600,0.0,4.58,-2.07,-4.09
78.100,47.600,0.0,5.95,-1.97,-5.62
78.400,47.600,0.0,5.20,0.05,-5.20
78.700,47.600,0.0,5.64,-2.60,-5.00
79.000,47.600,0.0,5.30,-1.53,-5.08
79.300,47.600,0.0,4.64,-1.63,-4.35
79.600,47.600,0.0,5.72,0.65,-5.68
79.900,47.600,0.0,4.63,1.71,-4.30
80.200,47.600,0.0,4.90,0.60,-4.86
80.500,47.600,0.0,5.58,0.80,-5.52
80.800,47.600,0.0,6.16,-2.29,-5.72
81.100,47.600,0.0,5.03,-1.12,-4.90
81.400,47.600,0.0,4.56,-1.62,-4.26
81.700,47.600,0.0,6.33,-1.03,-6.25
82.000,47.600,0.0,5.83,-0.19,-5.83
82.300,47.600,0.0,4.56,-1.51,-4.30
82.600,47.600,0.0,4.96,-0.64,-4.92
82.900,47.600,0.0,4.99,-2.49,-4.33
83.200,47.600,0.0,4.99,2.27,-4.44
83.500,47.600,0.0,5.45,-2.01,-5.07
83.800,47.600,0.0,5.61,-0.72,-5.56
84.100,47.600,0.0,10.14,1.44,-10.04
84.400,47.600,0.0,10.70,2.86,-10.31
84.700,47.600,0.0,11.39,0.64,-11.37
85.000,47.600,0.0,12.76,2.54,-12.51
85.300,47.600,0.0,10.95,4.37,-10.04
85.600,47.600,0.0,11.08,-2.36,-10.83
85.900,47.600,0.0,10.10,-4.96,-8.80
86.200,47.600,0.0,11.67,0.78,-11.64
86.500,47.600,0.0,12.13,-0.74,-12.11
86.800,47.600,0.0,10.36,3.61,-9.71
87.100,47.600,0.0,10.83,1.23,-10.76
87.400,47.600,0.0,12.03,5.08,-10.90
87.700,47.600,0.0,11.34,-4.46,-10.42
88.000,47.600,0.0,11.36,-1.08,-11.30
88.300,47.600,0.0,12.66,4.21,-11.94
88.600,47.600,0.0,11.76,-5.12,-10.58
88.900,47.600,0.0,12.08,-3.12,-11.67
89.200,47.600,0.0,12.40,0.65,-12.38
89.500,47.600,0.0,10.56,-3.15,-10.07
89.800,47.600,0.0,12.32,4.95,-11.28
90.100,47.600,0.0,11.31,-1.98,-11.14
90.400,47.600,0.0,12.44,-1.40,-12.36
90.700,47.600,0.0,10.37,4.31,-9.43
91.000,47.600,0.0,12.92,-3.35,-12.48
91.300,47.600,0.0,10.84,5.08,-9.57
91.600,47.600,0.0,10.45,2.93,-10.03
91.900,47.600,0.0,10.47,-2.15,-10.25
92.200,47.600,0.0,5.30,-2.02,-4.90
92.500,47.600,0.0,4.78,2.36,-4.15
92.800,47.600,0.0,4.33,-2.12,-3.77
93.100,47.600,0.0,4.89,2.10,-4.42
93.400,47.600,0.0,4.10,-0.86,-4.01
93.700,47.600,0.0,4.80,-0.38,-4.78
94.000,47.600,0.0,5.69,-1.81,-5.39
94.300,47.600,0.0,5.79,-0.84,-5.73
94.600,47.600,0.0,4.34,0.64,-4.29
94.900,47.600,0.0,5.69,-0.51,-5.66
95.200,47.600,0.0,5.12,0.32,-5.11
95.500,47.600,0.0,5.36,2.02,-4.97
95.800,47.600,0.0,5.60,-0.76,-5.55
96.100,47.600,0.0,4.26,0.05,-4.26
96.400,47.600,0.0,4.28,0.46,-4.26
96.700,47.600,0.0,5.49,1.60,-5.25
73.000,47.900,0.0,4.80,-0.88,-4.72
73.300,47.900,0.0,4.43,-0.85,-4.34
73.600,47.900,0.0,5.10,-2.42,-4.50
73.900,47.900,0.0,5.72,2.86,-4.95
74.200,47.900,0.0,3.99,-1.84,-3.54
74.500,47.900,0.0,4.12,0.90,-4.02
74.800,47.900,0.0,4.21,1.84,-3.79
75.100,47.900,0.0,3.90,0.83,-3.81
75.400,47.900,0.0,4.16,0.13,-4.15
75.700,47.900,0.0,5.45,-1.95,-5.09
76.000,47.900,0.0,5.56,-2.08,-5.16
76.300,47.900,0.0,4.96,1.97,-4.55
76.600,47.900,0.0,4.74,-0.80,-4.68
76.900,47.900,0.0,5.36,-2.31,-4.84
77.200,47.900,0.0,5.65,-1.92,-5.31
77.500,47.900,0.0,4.59,1.71,-4.26
77.800,47.900,0.0,4.34,1.10,-4.20
78.100,47.900,0.0,4.25,-2.04,-3.73
78.400,47.900,0.0,5.41,0.78,-5.35
78.700,47.900,0.0,5.21,-1.61,-4.96
79.000,47.900,0.0,4.50,1.83,-4.11
79.300,47.900,0.0,5.18,2.23,-4.68
79.600,47.900,0.0,4.53,1.92,-4.10
79.900,47.900,0.0,4.47,0.23,-4.46
80.200,47.900,0.0,4.45,2.09,-3.92
80.500,47.900,0.0,4.97,1.03,-4.87
80.800,47.900,0.0,5.48,2.59,-4.83
81.100,47.900,0.0,5.77,-2.18,-5.35
81.400,47.900,0.0,5.91,1.96,-5.58
81.700,47.900,0.0,5.08,2.11,-4.62
82.000,47.900,0.0,5.78,1.13,-5.67
82.300,47.900,0.0,5.17,-0.96,-5.08
82.600,47.900,0.0,5.99,-0.53,-5.96
82.900,47.900,0.0,6.18,2.56,-5.63
83.200,47.900,0.0,6.30,-0.16,-6.29
83.500,47.900,0.0,4.57,-1.91,-4.15
83.800,47.900,0.0,4.57,1.04,-4.45
84.100,47.900,0.0,11.03,4.08,-10.24
84.400,47.900,0.0,12.91,0.27,-12.91
84.700,47.900,0.0,12.74,-2.38,-12.51
85.000,47.900,0.0,12.22,1.66,-12.11
85.300,47.900,0.0,12.83,0.16,-12.82
85.600,47.900,0.0,12.81,0.70,-12.79
85.900,47.900,0.0,11.17,5.15,-9.92
86.200,47.900,0.0,12.82,-5.30,-11.67
86.500,47.900,0.0,12.31,-6.10,-10.69
86.800,47.900,0.0,10.48,2.99,-10.04
87.100,47.900,0.0,11.10,-3.26,-10.61
87.400,47.900,0.0,11.48,-4.86,-10.40
87.700,47.900,0.0,10.71,-0.04,-10.71
88.000,47.900,0.0,10.57,0.07,-10.57
88.300,47.900,0.0,10.21,3.86,-9.45
88.600,47.900,0.0,12.26,-3.51,-11.75
88.900,47.900,0.0,12.59,0.47,-12.58
89.200,47.900,0.0,12.78,-6.07,-11.24
89.500,47.900,0.0,12.85,0.50,-12.84
89.800,47.900,0.0,11.48,-5.69,-9.97
90.100,47.900,0.0,11.06,0.33,-11.05
90.400,47.900,0.0,12.62,-1.62,-12.51
90.700,47.900,0.0,12.09,-4.63,-11.17
91.000,47.900,0.0,10.19,-2.79,-9.80
91.300,47.900,0.0,10.87,-1.87,-10.70
91.600,47.900,0.0,12.62,4.72,-11.71
91.900,47.900,0.0,10.67,-5.06,-9.40
92.200,47.900,0.0,4.48,0.37,-4.46
92.500,47.900,0.0,4.64,-1.49,-4.40
92.800,47.900,0.0,5.23,-2.23,-4.72
93.100,47.900,0.0,4.31,-2.12,-3.76
93.400,47.900,0.0,5.48,2.70,-4.77
93.700,47.900,0.0,5.79,2.89,-5.02
94.000,47.900,0.0,5.16,-1.83,-4.82
94.300,47.900,0.0,5.88,1.89,-5.56
94.600,47.900,0.0,5.92,-2.63,-5.30
94.900,47.900,0.0,4.09,1.38,-3.85
95.200,47.900,0.0,4.96,1.23,-4.80
95.500,47.900,0.0,4.12,-1.41,-3.87
95.800,47.900,0.0,5.21,-0.33,-5.20
96.100,47.900,0.0,4.48,-0.92,-4.38
96.400,47.900,0.0,4.12,0.56,-4.08
96.700,47.900,0.0,3.84,-0.83,-3.75
73.000,48.200,0.0,5.17,1.28,-5.01
73.300,48.200,0.0,4.96,-0.84,-4.89
73.600,48.200,0.0,4.74,1.18,-4.59
73.900,48.200,0.0,5.51,-0.47,-5.49
74.200,48.200,0.0,4.05,-0.25,-4.04
74.500,48.200,0.0,5.59,0.76,-5.54
74.800,48.200,0.0,5.59,-1.49,-5.39
75.100,48.200,0.0,5.17,1.44,-4.97
75.400,48.200,0.0,5.06,-2.25,-4.53
75.700,48.200,0.0,4.26,1.08,-4.12
76.000,48.200,0.0,5.14,2.24,-4.63
76.300,48.200,0.0,4.51,-0.09,-4.51
76.600,48.200,0.0,5.97,-0.89,-5.90
76.900,48.200,0.0,5.30,-0.15,-5.30
77.200,48.200,0.0,5.32,-0.81,-5.26
77.500,48.200,0.0,4.92,-1.79,-4.59
77.800,48.200,0.0,4.75,-2.14,-4.24
78.100,48.200,0.0,4.83,-2.29,-4.25
78.400,48.200,0.0,5.31,-1.89,-4.96
78.700,48.200,0.0,5.39,-0.81,-5.33
79.000,48.200,0.0,5.80,1.39,-5.63
79.300,48.200,0.0,4.77,1.78,-4.43
79.600,48.200,0.0,5.99,1.55,-5.79
79.900,48.200,0.0,4.56,-1.15,-4.41
80.200,48.200,0.0,5.32,-0.35,-5.31
80.500,48.200,0.0,5.87,-1.53,-5.67
80.800,48.200,0.0,5.23,-0.60,-5.19
81.100,48.200,0.0,5.63,0.94,-5.55
81.400,48.200,0.0,5.77,2.39,-5.25
81.700,48.200,0.0,5.70,-1.49,-5.50
82.000,48.200,0.0,5.01,-0.66,-4.96
82.300,48.200,0.0,4.87,1.59,-4.60
82.600,48.200,0.0,6.18,2.64,-5.59
82.900,48.200,0.0,4.65,-1.89,-4.25
83.200,48.200,0.0,5.30,-2.20,-4.82
83.500,48.200,0.0,6.39,2.37,-5.93
83.800,48.200,0.0,4.76,2.27,-4.18
84.100,48.200,0.0,12.02,-3.09,-11.61
84.400,48.200,0.0,10.22,4.61,-9.12
84.700,48.200,0.0,10.03,1.86,-9.86
85.000,48.200,0.0,11.00,0.81,-10.97
85.300,48.200,0.0,10.04,-3.35,-9.46
85.600,48.200,0.0,12.03,5.14,-10.88
85.900,48.200,0.0,12.35,-5.50,-11.06
86.200,48.200,0.0,12.99,-5.19,-11.91
86.500,48.200,0.0,11.25,-1.29,-11.17
86.800,48.200,0.0,12.79,0.57,-12.78
87.100,48.200,0.0,10.69,-5.08,-9.41
87.400,48.200,0.0,12.20,2.69,-11.90
87.700,48.200,0.0,11.75,-0.54,-11.74
88.000,48.200,0.0,10.17,-1.40,-10.08
88.300,48.200,0.0,10.96,-1.27,-10.89
88.600,48.200,0.0,11.49,2.79,-11.14
88.900,48.200,0.0,10.21,-1.98,-10.01
89.200,48.200,0.0,12.82,0.45,-12.81
89.500,48.200,0.0,10.62,3.44,-10.05
89.800,48.200,0.0,11.32,2.46,-11.05
90.100,48.200,0.0,12.97,-5.30,-11.84
90.400,48.200,0.0,12.38,3.56,-11.85
90.700,48.200,0.0,10.99,-2.50,-10.71
91.000,48.200,0.0,10.26,0.89,-10.22
91.300,48.200,0.0,11.45,2.20,-11.23
91.600,48.200,0.0,11.19,1.12,-11.13
91.900,48.200,0.0,10.87,-1.04,-10.82
92.200,48.200,0.0,4.97,-2.10,-4.50
92.500,48.200,0.0,5.01,1.80,-4.67
92.800,48.200,0.0,4.76,-1.17,-4.61
93.100,48.200,0.0,5.12,0.68,-5.07
93.400,48.200,0.0,4.96,2.04,-4.52
93.700,48.200,0.0,4.68,0.17,-4.68
94.000,48.200,0.0,5.63,2.23,-5.17
94.300,48.200,0.0,5.00,1.71,-4.70
94.600,48.200,0.0,4.47,-0.93,-4.37
94.900,48.200,0.0,4.53,-2.04,-4.04
95.200,48.200,0.0,4.64,1.28,-4.46
95.500,48.200,0.0,5.23,1.60,-4.98
95.800,48.200,0.0,5.67,1.02,-5.58
96.100,48.200,0.0,4.61,2.12,-4.10
96.400,48.200,0.0,4.33,-1.30,-4.13
96.700,48.200,0.0,5.54,-0.25,-5.54
73.000,48.500,0.0,4.67,1.99,-4.23
73.300,48.500,0.0,5.02,-0.88,-4.94
73.600,48.500,0.0,3.99,1.76,-3.59
73.900,48.500,0.0,5.39,0.11,-5.39
74.200,48.500,0.0,4.33,0.14,-4.33
74.500,48.500,0.0,4.90,-0.91,-4.81
74.800,48.500,0.0,3.93,0.24,-3.92
75.100,48.500,0.0,5.64,-0.18,-5.64
75.400,48.500,0.0,5.83,-0.85,-5.77
75.700,48.500,0.0,4.28,2.05,-3.76
76.000,48.500,0.0,4.44,0.12,-4.44
76.300,48.500,0.0,5.83,0.47,-5.81
76.600,48.500,0.0,5.67,-0.25,-5.67
76.900,48.500,0.0,5.63,0.94,-5.55
77.200,48.500,0.0,5.18,2.28,-4.65
77.500,48.500,0.0,4.94,-1.07,-4.82
77.800,48.500,0.0,4.70,2.09,-4.21
78.100,48.500,0.0,5.75,0.68,-5.71
78.400,48.500,0.0,6.06,-0.52,-6.03
78.700,48.500,0.0,5.07,1.46,-4.85
79.000,48.500,0.0,5.40,1.09,-5.28
79.300,48.500,0.0,5.90,0.43,-5.89
79.600,48.500,0.0,5.26,-1.96,-4.88
79.900,48.500,0.0,4.84,-0.36,-4.83
80.200,48.500,0.0,5.34,-2.04,-4.93
80.500,48.500,0.0,4.38,0.68,-4.32
80.800,48.500,0.0,5.58,1.46,-5.39
81.100,48.500,0.0,5.90,-0.22,-5.90
81.400,48.500,0.0,5.88,2.85,-5.14
81.700,48.500,0.0,5.79,-2.64,-5.15
82.000,48.500,0.0,5.40,-1.53,-5.18
82.300,48.500,0.0,5.03,-1.42,-4.83
82.600,48.500,0.0,4.53,-1.07,-4.40
82.900,48.500,0.0,5.88,-1.95,-5.55
83.200,48.500,0.0,6.01,-2.12,-5.63
83.500,48.500,0.0,5.09,0.39,-5.07
83.800,48.500,0.0,6.00,0.84,-5.94
84.100,48.500,0.0,11.01,-4.25,-10.16
84.400,48.500,0.0,10.87,2.74,-10.52
84.700,48.500,0.0,10.44,1.76,-10.29
85.000,48.500,0.0,12.60,-3.58,-12.08
85.300,48.500,0.0,12.35,-2.75,-12.04
85.600,48.500,0.0,11.39,2.18,-11.18
85.900,48.500,0.0,11.14,-0.36,-11.14
86.200,48.500,0.0,10.38,5.07,-9.05
86.500,48.500,0.0,11.81,3.52,-11.27
86.800,48.500,0.0,10.07,-3.76,-9.35
87.100,48.500,0.0,11.59,1.35,-11.51
87.400,48.500,0.0,10.92,3.46,-10.35
87.700,48.500,0.0,12.23,1.82,-12.09
88.000,48.500,0.0,10.79,4.48,-9.82
88.300,48.500,0.0,10.76,-1.19,-10.70
88.600,48.500,0.0,10.10,2.28,-9.84
88.900,48.500,0.0,11.73,3.43,-11.21
89.200,48.500,0.0,11.39,-3.66,-10.79
89.500,48.500,0.0,11.69,-4.96,-10.59
89.800,48.500,0.0,11.13,0.82,-11.10
90.100,48.500,0.0,11.65,-2.75,-11.32
90.400,48.500,0.0,12.44,-4.00,-11.78
90.700,48.500,0.0,10.93,3.46,-10.37
91.000,48.500,0.0,10.89,-2.22,-10.66
91.300,48.500,0.0,12.42,2.31,-12.20
91.600,48.500,0.0,12.44,5.56,-11.13
91.900,48.500,0.0,12.47,-4.39,-11.67
92.200,48.500,0.0,5.25,2.01,-4.85
92.500,48.500,0.0,5.11,-0.43,-5.09
92.800,48.500,0.0,5.06,1.92,-4.68
93.100,48.500,0.0,5.32,-1.91,-4.97
93.400,48.500,0.0,4.03,-1.17,-3.85
93.700,48.500,0.0,5.33,-0.30,-5.32
94.000,48.500,0.0,4.01,1.11,-3.85
94.300,48.500,0.0,4.96,0.07,-4.96
94.600,48.500,0.0,5.80,2.81,-5.08
94.900,48.500,0.0,4.94,0.54,-4.91
95.200,48.500,0.0,5.05,-1.56,-4.80
95.500,48.500,0.0,5.72,0.26,-5.72
95.800,48.500,0.0,4.44,-1.68,-4.11
96.100,48.500,0.0,5.52,0.31,-5.51
96.400,48.500,0.0,5.19,-0.17,-5.19
96.700,48.500,0.0,4.33,0.56,-4.29
73.000,48.800,0.0,4.19,-1.07,-4.05
73.300,48.800,0.0,4.70,1.76,-4.36
73.600,48.800,0.0,4.46,-1.90,-4.04
73.900,48.800,0.0,5.17,1.11,-5.05
74.200,48.800,0.0,5.42,2.23,-4.94
74.500,48.800,0.0,4.57,1.98,-4.12
74.800,48.800,0.0,4.37,0.03,-4.37
75.100,48.800,0.0,5.43,-2.28,-4.93
75.400,48.800,0.0,4.26,2.01,-3.76
75.700,48.800,0.0,4.54,1.78,-4.17
76.000,48.800,0.0,3.97,1.85,-3.51
76.300,48.800,0.0,5.77,1.40,-5.59
76.600,48.800,0.0,5.01,2.47,-4.36
76.900,48.800,0.0,4.42,2.18,-3.85
77.200,48.800,0.0,5.24,-2.30,-4.71
77.500,48.800,0.0,4.93,1.00,-4.82
77.800,48.800,0.0,4.75,-2.31,-4.15
78.100,48.800,0.0,4.36,0.47,-4.34
78.400,48.800,0.0,4.29,0.23,-4.28
78.700,48.800,0.0,4.83,-0.73,-4.78
79.000,48.800,0.0,4.90,-0.36,-4.89
79.300,48.800,0.0,4.31,-0.14,-4.31
79.600,48.800,0.0,5.18,-1.39,-4.99
79.900,48.800,0.0,4.34,-0.41,-4.32
80.200,48.800,0.0,5.47,2.72,-4.74
80.500,48.800,0.0,5.41,-2.68,-4.70
80.800,48.800,0.0,5.83,-1.30,-5.68
81.100,48.800,0.0,5.25,-0.51,-5.22
81.400,48.800,0.0,6.14,2.05,-5.79
81.700,48.800,0.0,5.71,-2.49,-5.14
82.000,48.800,0.0,5.26,2.17,-4.79
82.300,48.800,0.0,5.69,-1.97,-5.34
82.600,48.800,0.0,6.28,-0.79,-6.23
82.900,48.800,0.0,4.58,-0.69,-4.53
83.200,48.800,0.0,4.42,1.30,-4.22
83.500,48.800,0.0,4.97,0.61,-4.94
83.800,48.800,0.0,5.51,-1.50,-5.30
84.100,48.800,0.0,11.00,-1.86,-10.84
84.400,48.800,0.0,11.73,-2.85,-11.38
84.700,48.800,0.0,12.11,1.83,-11.97
85.000,48.800,0.0,11.83,-5.64,-10.40
85.300,48.800,0.0,12.90,6.45,-11.18
85.600,48.800,0.0,10.19,-1.75,-10.04
85.900,48.800,0.0,12.66,-1.68,-12.55
86.200,48.800,0.0,12.89,-0.49,-12.88
86.500,48.800,0.0,11.74,1.22,-11.68
86.800,48.800,0.0,10.28,-4.30,-9.33
87.100,48.800,0.0,10.02,-3.32,-9.46
87.400,48.800,0.0,10.18,-4.06,-9.33
87.700,48.800,0.0,11.50,1.49,-11.40
88.000,48.800,0.0,12.33,3.47,-11.83
88.300,48.800,0.0,11.17,-4.26,-10.32
88.600,48.800,0.0,11.64,5.45,-10.29
88.900,48.800,0.0,12.28,-0.26,-12.28
89.200,48.800,0.0,12.50,1.78,-12.38
89.500,48.800,0.0,11.98,0.97,-11.95
89.800,48.800,0.0,12.84,3.20,-12.43
90.100,48.800,0.0,12.81,-4.72,-11.91
90.400,48.800,0.0,11.23,0.37,-11.22
90.700,48.800,0.0,10.54,-4.72,-9.43
91.000,48.800,0.0,11.72,0.96,-11.68
91.300,48.800,0.0,10.97,-5.04,-9.74
91.600,48.800,0.0,12.73,-2.57,-12.46
91.900,48.800,0.0,12.69,0.92,-12.65
92.200,48.800,0.0,5.32,0.19,-5.32
92.500,48.800,0.0,4.32,1.55,-4.03
92.800,48.800,0.0,5.99,-2.36,-5.50
93.100,48.800,0.0,5.57,-0.06,-5.57
93.400,48.800,0.0,4.50,0.85,-4.42
93.700,48.800,0.0,5.45,0.30,-5.45
94.000,48.800,0.0,3.96,-0.61,-3.91
94.300,48.800,0.0,5.39,2.55,-4.75
94.600,48.800,0.0,4.67,-0.03,-4.67
94.900,48.800,0.0,4.04,0.23,-4.03
95.200,48.800,0.0,5.24,-1.94,-4.87
95.500,48.800,0.0,5.05,0.60,-5.01
95.800,48.800,0.0,4.23,0.79,-4.15
96.100,48.800,0.0,5.64,-2.48,-5.06
96.400,48.800,0.0,5.30,-0.78,-5.25
96.700,48.800,0.0,4.88,1.05,-4.77
73.000,49.100,0.0,4.24,-0.76,-4.17
73.300,49.100,0.0,4.29,-1.85,-3.87
73.600,49.100,0.0,4.20,-1.24,-4.01
73.900,49.100,0.0,5.30,0.21,-5.29
74.200,49.100,0.0,4.60,0.90,-4.51
74.500,49.100,0.0,4.82,-1.89,-4.43
74.800,49.100,0.0,4.72,0.07,-4.72
75.100,49.100,0.0,5.38,1.00,-5.28
75.400,49.100,0.0,5.05,0.27,-5.05
75.700,49.100,0.0,4.36,-1.22,-4.19
76.000,49.100,0.0,4.68,0.98,-4.58
76.300,49.100,0.0,4.74,1.53,-4.49
76.600,49.100,0.0,5.76,0.56,-5.73
76.900,49.100,0.0,4.25,-0.34,-4.23
77.200,49.100,0.0,5.68,-0.97,-5.60
77.500,49.100,0.0,5.97,-2.01,-5.62
77.800,49.100,0.0,5.51,0.39,-5.50
78.100,49.100,0.0,4.53,1.16,-4.38
78.400,49.100,0.0,5.73,0.40,-5.71
78.700,49.100,0.0,5.86,2.38,-5.35
79.000,49.100,0.0,5.03,-1.75,-4.71
79.300,49.100,0.0,4.21,1.45,-3.95
79.600,49.100,0.0,5.28,-1.70,-5.00
79.900,49.100,0.0,6.14,2.93,-5.39
80.200,49.100,0.0,4.88,-0.62,-4.84
80.500,49.100,0.0,5.84,2.89,-5.08
80.800,49.100,0.0,4.66,-1.90,-4.25
81.100,49.100,0.0,5.95,2.28,-5.50
81.400,49.100,0.0,6.11,-0.77,-6.06
81.700,49.100,0.0,5.73,0.75,-5.68
82.000,49.100,0.0,5.21,2.34,-4.65
82.300,49.100,0.0,4.35,1.25,-4.17
82.600,49.100,0.0,5.09,-1.36,-4.91
82.900,49.100,0.0,4.80,-1.70,-4.49
83.200,49.100,0.0,5.13,2.24,-4.62
83.500,49.100,0.0,5.00,-1.71,-4.70
83.800,49.100,0.0,6.01,0.23,-6.00
84.100,49.100,0.0,4.55,0.99,-4.44
84.400,49.100,0.0,12.71,4.54,-11.87
84.700,49.100,0.0,10.09,2.26,-9.84
85.000,49.100,0.0,11.90,0.41,-11.89
85.300,49.100,0.0,12.86,3.69,-12.32
85.600,49.100,0.0,11.58,1.30,-11.51
85.900,49.100,0.0,12.20,-0.70,-12.17
86.200,49.100,0.0,11.26,2.38,-11.00
86.500,49.100,0.0,12.82,-3.13,-12.43
86.800,49.100,0.0,11.10,0.30,-11.10
87.100,49.100,0.0,10.68,-2.87,-10.29
87.400,49.100,0.0,11.82,0.31,-11.81
87.700,49.100,0.0,10.61,-5.23,-9.23
88.000,49.100,0.0,10.35,-0.82,-10.32
88.300,49.100,0.0,10.89,2.26,-10.65
88.600,49.100,0.0,10.55,1.09,-10.50
88.900,49.100,0.0,12.65,-4.65,-11.76
89.200,49.100,0.0,11.79,-5.19,-10.59
89.500,49.100,0.0,12.41,1.26,-12.35
89.800,49.100,0.0,10.39,0.69,-10.37
90.100,49.100,0.0,10.64,3.84,-9.93
90.400,49.100,0.0,12.47,-4.12,-11.77
90.700,49.100,0.0,12.73,0.25,-12.72
91.000,49.100,0.0,10.21,3.35,-9.65
91.300,49.100,0.0,12.64,5.79,-11.23
91.600,49.100,0.0,12.00,-3.25,-11.55
91.900,49.100,0.0,5.18,-2.09,-4.74
92.200,49.100,0.0,4.57,-1.93,-4.15
92.500,49.100,0.0,5.24,-1.11,-5.12
92.800,49.100,0.0,4.84,1.21,-4.68
93.100,49.100,0.0,4.41,0.95,-4.31
93.400,49.100,0.0,4.75,-1.13,-4.61
93.700,49.100,0.0,4.64,0.41,-4.62
94.000,49.100,0.0,4.81,-0.51,-4.78
94.300,49.100,0.0,5.50,-0.68,-5.46
94.600,49.100,0.0,5.51,-2.02,-5.13
94.900,49.100,0.0,5.19,2.15,-4.72
95.200,49.100,0.0,5.00,-1.35,-4.82
95.500,49.100,0.0,4.46,1.95,-4.01
95.800,49.100,0.0,4.19,-1.56,-3.89
96.100,49.100,0.0,5.50,-2.51,-4.89
96.400,49.100,0.0,3.80,-0.32,-3.78
96.700,49.100,0.0,4.62,2.16,-4.09
73.000,49.400,0.0,3.90,-1.19,-3.71
73.300,49.400,0.0,4.30,1.07,-4.16
73.600,49.400,0.0,5.65,-1.45,-5.46
73.900,49.400,0.0,3.78,1.68,-3.39
74.200,49.400,0.0,5.32,1.12,-5.20
74.500,49.400,0.0,4.75,2.05,-4.28
74.800,49.400,0.0,5.68,2.69,-5.00
75.100,49.400,0.0,4.15,1.04,-4.02
75.400,49.400,0.0,5.41,-2.45,-4.83
75.700,49.400,0.0,5.57,0.85,-5.51
76.000,49.400,0.0,4.79,-1.71,-4.48
76.300,49.400,0.0,4.95,0.76,-4.89
76.600,49.400,0.0,4.57,-1.51,-4.32
76.900,49.400,0.0,4.24,2.12,-3.68
77.200,49.400,0.0,5.09,-1.92,-4.72
77.500,49.400,0.0,4.95,-1.37,-4.76
77.800,49.400,0.0,5.60,0.27,-5.59
78.100,49.400,0.0,4.70,-1.51,-4.45
78.400,49.400,0.0,5.70,2.75,-4.99
78.700,49.400,0.0,4.14,-0.63,-4.09
79.000,49.400,0.0,5.78,1.78,-5.51
79.300,49.400,0.0,6.07,-2.01,-5.72
79.600,49.400,0.0,4.48,1.25,-4.30
79.900,49.400,0.0,5.37,2.09,-4.95
80.200,49.400,0.0,5.38,0.19,-5.37
80.500,49.400,0.0,5.21,1.00,-5.12
80.800,49.400,0.0,4.74,-1.73,-4.42
81.100,49.400,0.0,4.59,1.75,-4.24
81.400,49.400,0.0,5.22,-0.56,-5.18
81.700,49.400,0.0,4.73,-1.84,-4.36
82.000,49.400,0.0,5.67,-0.98,-5.58
82.300,49.400,0.0,5.27,-2.18,-4.80
82.600,49.400,0.0,5.35,-2.33,-4.82
82.900,49.400,0.0,4.87,-1.67,-4.57
83.200,49.400,0.0,6.11,-1.01,-6.03
83.500,49.400,0.0,4.49,-1.36,-4.28
83.800,49.400,0.0,5.98,-0.95,-5.90
84.100,49.400,0.0,4.88,-0.18,-4.87
84.400,49.400,0.0,10.02,0.56,-10.01
84.700,49.400,0.0,11.17,4.45,-10.25
85.000,49.400,0.0,12.69,-4.69,-11.79
85.300,49.400,0.0,10.84,-1.45,-10.74
85.600,49.400,0.0,11.72,0.94,-11.68
85.900,49.400,0.0,12.56,1.68,-12.45
86.200,49.400,0.0,12.69,5.67,-11.35
86.500,49.400,0.0,11.18,-5.03,-9.98
86.800,49.400,0.0,12.42,-4.54,-11.56
87.100,49.400,0.0,11.13,-1.34,-11.05
87.400,49.400,0.0,12.79,-1.61,-12.69
87.700,49.400,0.0,10.62,1.80,-10.47
88.000,49.400,0.0,12.34,3.75,-11.76
88.300,49.400,0.0,12.96,0.23,-12.96
88.600,49.400,0.0,11.78,-5.76,-10.28
88.900,49.400,0.0,10.81,4.08,-10.01
89.200,49.400,0.0,12.92,4.50,-12.11
89.500,49.400,0.0,10.75,0.49,-10.74
89.800,49.400,0.0,11.81,-3.41,-11.30
90.100,49.400,0.0,10.95,-1.55,-10.84
90.400,49.400,0.0,12.61,-2.89,-12.28
90.700,49.400,0.0,10.14,-2.18,-9.90
91.000,49.400,0.0,10.37,-1.42,-10.27
91.300,49.400,0.0,12.18,-4.04,-11.49
91.600,49.400,0.0,11.68,1.54,-11.58
91.900,49.400,0.0,4.73,2.31,-4.13
92.200,49.400,0.0,4.93,1.30,-4.75
92.500,49.400,0.0,4.80,2.22,-4.26
92.800,49.400,0.0,4.06,-1.86,-3.61
93.100,49.400,0.0,4.81,1.32,-4.62
93.400,49.400,0.0,5.88,1.21,-5.75
93.700,49.400,0.0,5.42,-2.15,-4.97
94.000,49.400,0.0,5.74,-1.21,-5.61
94.300,49.400,0.0,5.03,-0.98,-4.93
94.600,49.400,0.0,4.10,1.96,-3.60
94.900,49.400,0.0,5.02,-1.38,-4.83
95.200,49.400,0.0,5.61,2.36,-5.08
95.500,49.400,0.0,4.52,-1.22,-4.36
95.800,49.400,0.0,4.59,-2.29,-3.98
96.100,49.400,0.0,5.35,0.33,-5.34
96.400,49.400,0.0,3.76,-1.88,-3.25
96.700,49.400,0.0,4.86,0.93,-4.77
73.000,49.700,0.0,5.20,-0.19,-5.20
73.300,49.700,0.0,4.06,0.84,-3.97
73.600,49.700,0.0,4.76,-1.97,-4.34
73.900,49.700,0.0,4.56,-0.49,-4.53
74.200,49.700,0.0,4.23,-0.10,-4.23
74.500,49.700,0.0,4.98,-1.78,-4.65
74.800,49.700,0.0,5.22,-1.32,-5.05
75.100,49.700,0.0,5.72,0.71,-5.67
75.400,49.700,0.0,5.04,0.51,-5.01
75.700,49.700,0.0,3.94,0.92,-3.83
76.000,49.700,0.0,4.13,0.97,-4.02
76.300,49.700,0.0,5.51,1.26,-5.36
76.600,49.700,0.0,4.92,-1.92,-4.54
76.900,49.700,0.0,5.54,0.55,-5.52
77.200,49.700,0.0,5.54,-2.42,-4.98
77.500,49.700,0.0,5.87,2.74,-5.19
77.800,49.700,0.0,5.00,-1.23,-4.85
78.100,49.700,0.0,5.95,-1.58,-5.73
78.400,49.700,0.0,4.47,1.30,-4.28
78.700,49.700,0.0,5.48,1.47,-5.27
79.000,49.700,0.0,4.25,1.66,-3.91
79.300,49.700,0.0,5.45,1.44,-5.26
79.600,49.700,0.0,4.71,1.94,-4.30
79.900,49.700,0.0,5.53,2.22,-5.07
80.200,49.700,0.0,5.53,2.03,-5.14
80.500,49.700,0.0,4.90,0.11,-4.90
80.800,49.700,0.0,4.95,0.50,-4.93
81.100,49.700,0.0,4.96,0.65,-4.92
81.400,49.700,0.0,4.90,0.26,-4.90
81.700,49.700,0.0,5.81,-0.50,-5.79
82.000,49.700,0.0,5.85,-1.94,-5.52
82.300,49.700,0.0,4.38,0.64,-4.33
82.600,49.700,0.0,6.05,0.38,-6.03
82.900,49.700,0.0,4.69,2.10,-4.19
83.200,49.700,0.0,4.78,1.26,-4.61
83.500,49.700,0.0,5.37,1.16,-5.24
83.800,49.700,0.0,6.07,0.07,-6.07
84.100,49.700,0.0,5.27,-0.98,-5.18
84.400,49.700,0.0,11.87,4.10,-11.14
84.700,49.700,0.0,11.61,2.60,-11.32
85.000,49.700,0.0,10.72,4.06,-9.92
85.300,49.700,0.0,12.73,0.83,-12.71
85.600,49.700,0.0,10.91,2.56,-10.60
85.900,49.700,0.0,11.53,5.14,-10.32
86.200,49.700,0.0,11.02,-1.85,-10.86
86.500,49.700,0.0,12.59,-1.89,-12.45
86.800,49.700,0.0,11.67,-0.50,-11.66
87.100,49.700,0.0,12.63,3.60,-12.11
87.400,49.700,0.0,11.03,-2.83,-10.66
87.700,49.700,0.0,10.32,-0.52,-10.31
88.000,49.700,0.0,10.93,-0.00,-10.93
88.300,49.700,0.0,10.77,-3.04,-10.34
88.600,49.700,0.0,11.04,-0.39,-11.03
88.900,49.700,0.0,10.87,5.04,-9.62
89.200,49.700,0.0,12.52,-5.22,-11.38
89.500,49.700,0.0,11.44,-2.55,-11.15
89.800,49.700,0.0,11.27,-0.53,-11.26
90.100,49.700,0.0,11.10,2.08,-10.90
90.400,49.700,0.0,10.78,4.07,-9.98
90.700,49.700,0.0,11.64,5.53,-10.24
91.000,49.700,0.0,12.77,0.75,-12.75
91.300,49.700,0.0,10.09,-3.03,-9.63
91.600,49.700,0.0,11.16,-5.02,-9.97
91.900,49.700,0.0,5.74,1.46,-5.55
92.200,49.700,0.0,4.08,-0.80,-4.00
92.500,49.700,0.0,4.56,1.97,-4.11
92.800,49.700,0.0,4.21,1.05,-4.07
93.100,49.700,0.0,5.14,1.51,-4.92
93.400,49.700,0.0,4.74,-0.82,-4.66
93.700,49.700,0.0,5.83,2.32,-5.35
94.000,49.700,0.0,4.94,0.93,-4.85
94.300,49.700,0.0,4.67,2.26,-4.09
94.600,49.700,0.0,3.84,-1.70,-3.45
94.900,49.700,0.0,5.44,-0.06,-5.44
95.200,49.700,0.0,4.51,-1.16,-4.36
95.500,49.700,0.0,5.58,2.57,-4.95
95.800,49.700,0.0,4.84,0.26,-4.84
96.100,49.700,0.0,3.86,0.71,-3.79
96.400,49.700,0.0,5.61,-1.16,-5.49
96.700,49.700,0.0,5.40,1.40,-5.22
